instituicao,uf,exercicio,coluna,conta,periodo,periodicidade,valor,cores
Governo do Distrito Federal,DF,2015,Até o 3º Quadrimestre,% da DCL sobre a RCL (III/RCL),3,Q,25.23,dentro do limite
Governo do Distrito Federal,DF,2016,Até o 3º Quadrimestre,% da DCL sobre a RCL (III/RCL),3,Q,29.89,dentro do limite
Governo do Distrito Federal,DF,2017,Até o 3º Quadrimestre,% da DCL sobre a RCL (III/RCL),3,Q,33.78,dentro do limite
Governo do Distrito Federal,DF,2018,Até o 3º Quadrimestre,% da DCL sobre a RCL (III/RCL),3,Q,35.17,dentro do limite
Governo do Distrito Federal,DF,2019,Até o 3º Quadrimestre,% da DCL sobre a RCL (III/RCL),3,Q,36.07,dentro do limite
Governo do Estado da Bahia,BA,2015,Até o 3º Quadrimestre,% da DCL sobre a RCL (III/RCL),3,Q,59.31,dentro do limite
Governo do Estado da Bahia,BA,2016,Até o 3º Quadrimestre,% da DCL sobre a RCL (III/RCL),3,Q,55.78,dentro do limite
Governo do Estado da Bahia,BA,2017,Até o 3º Quadrimestre,% da DCL sobre a RCL (III/RCL),3,Q,57.52,dentro do limite
Governo do Estado da Bahia,BA,2018,Até o 3º Quadrimestre,% da DCL sobre a RCL (III/RCL),3,Q,64.08,dentro do limite
Governo do Estado da Bahia,BA,2019,Até o 3º Quadrimestre,% da DCL sobre a RCL (III/RCL),3,Q,62.35,dentro do limite
Governo do Estado da Paraíba,PB,2015,Até o 3º Quadrimestre,% da DCL sobre a RCL (III/RCL),3,Q,41.35,dentro do limite
Governo do Estado da Paraíba,PB,2016,Até o 3º Quadrimestre,% da DCL sobre a RCL (III/RCL),3,Q,30.25,dentro do limite
Governo do Estado da Paraíba,PB,2017,Até o 3º Quadrimestre,% da DCL sobre a RCL (III/RCL),3,Q,28.93,dentro do limite
Governo do Estado da Paraíba,PB,2018,Até o 3º Quadrimestre,% da DCL sobre a RCL (III/RCL),3,Q,32.47,dentro do limite
Governo do Estado da Paraíba,PB,2019,Até o 3º Quadrimestre,% da DCL sobre a RCL (III/RCL),3,Q,23.25,dentro do limite
Governo do Estado de Alagoas,AL,2015,Até o 3º Quadrimestre,% da DCL sobre a RCL (III/RCL),3,Q,166.79,dentro do limite
Governo do Estado de Alagoas,AL,2016,Até o 3º Quadrimestre,% da DCL sobre a RCL (III/RCL),3,Q,102.84,dentro do limite
Governo do Estado de Alagoas,AL,2017,Até o 3º Quadrimestre,% da DCL sobre a RCL (III/RCL),3,Q,95.26,dentro do limite
Governo do Estado de Alagoas,AL,2018,Até o 3º Quadrimestre,% da DCL sobre a RCL (III/RCL),3,Q,85.6,dentro do limite
Governo do Estado de Alagoas,AL,2019,Até o 3º Quadrimestre,% da DCL sobre a RCL (III/RCL),3,Q,74.82,dentro do limite
Governo do Estado de Goiás,GO,2015,Até o 3º Quadrimestre,% da DCL sobre a RCL (III/RCL),3,Q,98.61,dentro do limite
Governo do Estado de Goiás,GO,2016,Até o 3º Quadrimestre,% da DCL sobre a RCL (III/RCL),3,Q,95.11,dentro do limite
Governo do Estado de Goiás,GO,2017,Até o 3º Quadrimestre,% da DCL sobre a RCL (III/RCL),3,Q,92.03,dentro do limite
Governo do Estado de Goiás,GO,2018,Até o 3º Quadrimestre,% da DCL sobre a RCL (III/RCL),3,Q,92.19,dentro do limite
Governo do Estado de Goiás,GO,2019,Até o 3º Quadrimestre,% da DCL sobre a RCL (III/RCL),3,Q,78.31,dentro do limite
Governo do Estado de Minas Gerais,MG,2015,Até o 3º Quadrimestre,% da DCL sobre a RCL (III/RCL),3,Q,198.66,dentro do limite
Governo do Estado de Minas Gerais,MG,2016,Até o 3º Quadrimestre,% da DCL sobre a RCL (III/RCL),3,Q,203.09,acima do limite
Governo do Estado de Minas Gerais,MG,2017,Até o 3º Quadrimestre,% da DCL sobre a RCL (III/RCL),3,Q,186.35,dentro do limite
Governo do Estado de Minas Gerais,MG,2018,Até o 3º Quadrimestre,% da DCL sobre a RCL (III/RCL),3,Q,189.03,dentro do limite
Governo do Estado de Minas Gerais,MG,2019,Até o 3º Quadrimestre,% da DCL sobre a RCL (III/RCL),3,Q,191.5,dentro do limite
Governo do Estado de Pernambuco,PE,2015,Até o 3º Quadrimestre,% da DCL sobre a RCL (III/RCL),3,Q,62.17,dentro do limite
Governo do Estado de Pernambuco,PE,2016,Até o 3º Quadrimestre,% da DCL sobre a RCL (III/RCL),3,Q,60.68,dentro do limite
Governo do Estado de Pernambuco,PE,2017,Até o 3º Quadrimestre,% da DCL sobre a RCL (III/RCL),3,Q,61.25,dentro do limite
Governo do Estado de Pernambuco,PE,2018,Até o 3º Quadrimestre,% da DCL sobre a RCL (III/RCL),3,Q,61.1,dentro do limite
Governo do Estado de Pernambuco,PE,2019,Até o 3º Quadrimestre,% da DCL sobre a RCL (III/RCL),3,Q,52.32,dentro do limite
Governo do Estado de Rondônia,RO,2015,Até o 3º Quadrimestre,% da DCL sobre a RCL (III/RCL),3,Q,63.91,dentro do limite
Governo do Estado de Rondônia,RO,2016,Até o 3º Quadrimestre,% da DCL sobre a RCL (III/RCL),3,Q,50.06,dentro do limite
Governo do Estado de Rondônia,RO,2017,Até o 3º Quadrimestre,% da DCL sobre a RCL (III/RCL),3,Q,48.48,dentro do limite
Governo do Estado de Rondônia,RO,2018,Até o 3º Quadrimestre,% da DCL sobre a RCL (III/RCL),3,Q,46.97,dentro do limite
Governo do Estado de Rondônia,RO,2019,Até o 3º Quadrimestre,% da DCL sobre a RCL (III/RCL),3,Q,27.92,dentro do limite
Governo do Estado de Roraima,RR,2015,Até o 3º Quadrimestre,% da DCL sobre a RCL (III/RCL),3,Q,11.77,dentro do limite
Governo do Estado de Roraima,RR,2016,Até o 3º Quadrimestre,% da DCL sobre a RCL (III/RCL),3,Q,37.31,dentro do limite
Governo do Estado de Roraima,RR,2017,Até o 3º Quadrimestre,% da DCL sobre a RCL (III/RCL),3,Q,41.74,dentro do limite
Governo do Estado de Roraima,RR,2018,Até o 3º Quadrimestre,% da DCL sobre a RCL (III/RCL),3,Q,32.92,dentro do limite
Governo do Estado de Roraima,RR,2019,Até o 3º Quadrimestre,% da DCL sobre a RCL (III/RCL),3,Q,46.02,dentro do limite
Governo do Estado de Santa Catarina,SC,2015,Até o 3º Quadrimestre,% da DCL sobre a RCL (III/RCL),3,Q,53.04,dentro do limite
Governo do Estado de Santa Catarina,SC,2016,Até o 3º Quadrimestre,% da DCL sobre a RCL (III/RCL),3,Q,50.21,dentro do limite
Governo do Estado de Santa Catarina,SC,2017,Até o 3º Quadrimestre,% da DCL sobre a RCL (III/RCL),3,Q,51.1,dentro do limite
Governo do Estado de Santa Catarina,SC,2018,Até o 3º Quadrimestre,% da DCL sobre a RCL (III/RCL),3,Q,92.94,dentro do limite
Governo do Estado de Santa Catarina,SC,2019,Até o 3º Quadrimestre,% da DCL sobre a RCL (III/RCL),3,Q,80.29,dentro do limite
Governo do Estado de São Paulo,SP,2015,Até o 3º Quadrimestre,% da DCL sobre a RCL (III/RCL),3,Q,167.84,dentro do limite
Governo do Estado de São Paulo,SP,2016,Até o 3º Quadrimestre,% da DCL sobre a RCL (III/RCL),3,Q,175.47,dentro do limite
Governo do Estado de São Paulo,SP,2017,Até o 3º Quadrimestre,% da DCL sobre a RCL (III/RCL),3,Q,170.96,dentro do limite
Governo do Estado de São Paulo,SP,2018,Até o 3º Quadrimestre,% da DCL sobre a RCL (III/RCL),3,Q,175.66,dentro do limite
Governo do Estado de São Paulo,SP,2019,Até o 3º Quadrimestre,% da DCL sobre a RCL (III/RCL),3,Q,170.99,dentro do limite
Governo do Estado de Sergipe,SE,2015,Até o 3º Quadrimestre,% da DCL sobre a RCL (III/RCL),3,Q,69.03,dentro do limite
Governo do Estado de Sergipe,SE,2016,Até o 3º Quadrimestre,% da DCL sobre a RCL (III/RCL),3,Q,60.43,dentro do limite
Governo do Estado de Sergipe,SE,2017,Até o 3º Quadrimestre,% da DCL sobre a RCL (III/RCL),3,Q,57.99,dentro do limite
Governo do Estado de Sergipe,SE,2018,Até o 3º Quadrimestre,% da DCL sobre a RCL (III/RCL),3,Q,46.12,dentro do limite
Governo do Estado de Sergipe,SE,2019,Até o 3º Quadrimestre,% da DCL sobre a RCL (III/RCL),3,Q,45.88,dentro do limite
Governo do Estado do Acre,AC,2015,Até o 3º Quadrimestre,% da DCL sobre a RCL (III/RCL),3,Q,96.81,dentro do limite
Governo do Estado do Acre,AC,2016,Até o 3º Quadrimestre,% da DCL sobre a RCL (III/RCL),3,Q,72.67,dentro do limite
Governo do Estado do Acre,AC,2017,Até o 3º Quadrimestre,% da DCL sobre a RCL (III/RCL),3,Q,71.83,dentro do limite
Governo do Estado do Acre,AC,2018,Até o 3º Quadrimestre,% da DCL sobre a RCL (III/RCL),3,Q,73.57,dentro do limite
Governo do Estado do Acre,AC,2019,Até o 3º Quadrimestre,% da DCL sobre a RCL (III/RCL),3,Q,58.18,dentro do limite
Governo do Estado do Amapá,AP,2015,Até o 3º Quadrimestre,% da DCL sobre a RCL (III/RCL),3,Q,27.45,dentro do limite
Governo do Estado do Amapá,AP,2016,Até o 3º Quadrimestre,% da DCL sobre a RCL (III/RCL),3,Q,14.36,dentro do limite
Governo do Estado do Amapá,AP,2018,Até o 3º Quadrimestre,% da DCL sobre a RCL (III/RCL),3,Q,1.25,dentro do limite
Governo do Estado do Amapá,AP,2019,Até o 3º Quadrimestre,% da DCL sobre a RCL (III/RCL),3,Q,-7.67,dentro do limite
Governo do Estado do Amazonas,AM,2015,Até o 3º Quadrimestre,% da DCL sobre a RCL (III/RCL),3,Q,47.82,dentro do limite
Governo do Estado do Amazonas,AM,2016,Até o 3º Quadrimestre,% da DCL sobre a RCL (III/RCL),3,Q,40.55,dentro do limite
Governo do Estado do Amazonas,AM,2017,Até o 3º Quadrimestre,% da DCL sobre a RCL (III/RCL),3,Q,35.86,dentro do limite
Governo do Estado do Amazonas,AM,2018,Até o 3º Quadrimestre,% da DCL sobre a RCL (III/RCL),3,Q,34.73,dentro do limite
Governo do Estado do Amazonas,AM,2019,Até o 3º Quadrimestre,% da DCL sobre a RCL (III/RCL),3,Q,28.69,dentro do limite
Governo do Estado do Ceará,CE,2015,Até o 3º Quadrimestre,% da DCL sobre a RCL (III/RCL),3,Q,61.74,dentro do limite
Governo do Estado do Ceará,CE,2016,Até o 3º Quadrimestre,% da DCL sobre a RCL (III/RCL),3,Q,43.6,dentro do limite
Governo do Estado do Ceará,CE,2017,Até o 3º Quadrimestre,% da DCL sobre a RCL (III/RCL),3,Q,45.82,dentro do limite
Governo do Estado do Ceará,CE,2018,Até o 3º Quadrimestre,% da DCL sobre a RCL (III/RCL),3,Q,57.14,dentro do limite
Governo do Estado do Ceará,CE,2019,Até o 3º Quadrimestre,% da DCL sobre a RCL (III/RCL),3,Q,52.65,dentro do limite
Governo do Estado do Espírito Santo,ES,2015,Até o 3º Quadrimestre,% da DCL sobre a RCL (III/RCL),3,Q,31.37,dentro do limite
Governo do Estado do Espírito Santo,ES,2016,Até o 3º Quadrimestre,% da DCL sobre a RCL (III/RCL),3,Q,26.41,dentro do limite
Governo do Estado do Espírito Santo,ES,2017,Até o 3º Quadrimestre,% da DCL sobre a RCL (III/RCL),3,Q,17.34,dentro do limite
Governo do Estado do Espírito Santo,ES,2018,Até o 3º Quadrimestre,% da DCL sobre a RCL (III/RCL),3,Q,18.95,dentro do limite
Governo do Estado do Espírito Santo,ES,2019,Até o 3º Quadrimestre,% da DCL sobre a RCL (III/RCL),3,Q,14.9,dentro do limite
Governo do Estado do Maranhão,MA,2015,Até o 3º Quadrimestre,% da DCL sobre a RCL (III/RCL),3,Q,60.15,dentro do limite
Governo do Estado do Maranhão,MA,2016,Até o 3º Quadrimestre,% da DCL sobre a RCL (III/RCL),3,Q,43.7,dentro do limite
Governo do Estado do Maranhão,MA,2017,Até o 3º Quadrimestre,% da DCL sobre a RCL (III/RCL),3,Q,43.77,dentro do limite
Governo do Estado do Maranhão,MA,2018,Até o 3º Quadrimestre,% da DCL sobre a RCL (III/RCL),3,Q,53.74,dentro do limite
Governo do Estado do Maranhão,MA,2019,Até o 3º Quadrimestre,% da DCL sobre a RCL (III/RCL),3,Q,42.66,dentro do limite
Governo do Estado do Mato Grosso,MT,2015,Até o 3º Quadrimestre,% da DCL sobre a RCL (III/RCL),3,Q,48.75,dentro do limite
Governo do Estado do Mato Grosso,MT,2016,Até o 3º Quadrimestre,% da DCL sobre a RCL (III/RCL),3,Q,43.98,dentro do limite
Governo do Estado do Mato Grosso,MT,2017,Até o 3º Quadrimestre,% da DCL sobre a RCL (III/RCL),3,Q,44.11,dentro do limite
Governo do Estado do Mato Grosso,MT,2018,Até o 3º Quadrimestre,% da DCL sobre a RCL (III/RCL),3,Q,42.99,dentro do limite
Governo do Estado do Mato Grosso,MT,2019,Até o 3º Quadrimestre,% da DCL sobre a RCL (III/RCL),3,Q,20.76,dentro do limite
Governo do Estado do Mato Grosso do Sul,MS,2015,Até o 3º Quadrimestre,% da DCL sobre a RCL (III/RCL),3,Q,89.18,dentro do limite
Governo do Estado do Mato Grosso do Sul,MS,2016,Até o 3º Quadrimestre,% da DCL sobre a RCL (III/RCL),3,Q,78.17,dentro do limite
Governo do Estado do Mato Grosso do Sul,MS,2017,Até o 3º Quadrimestre,% da DCL sobre a RCL (III/RCL),3,Q,76.13,dentro do limite
Governo do Estado do Mato Grosso do Sul,MS,2018,Até o 3º Quadrimestre,% da DCL sobre a RCL (III/RCL),3,Q,72.4,dentro do limite
Governo do Estado do Mato Grosso do Sul,MS,2019,Até o 3º Quadrimestre,% da DCL sobre a RCL (III/RCL),3,Q,61.07,dentro do limite
Governo do Estado do Pará,PA,2015,Até o 3º Quadrimestre,% da DCL sobre a RCL (III/RCL),3,Q,12.04,dentro do limite
Governo do Estado do Pará,PA,2016,Até o 3º Quadrimestre,% da DCL sobre a RCL (III/RCL),3,Q,9.29,dentro do limite
Governo do Estado do Pará,PA,2017,Até o 3º Quadrimestre,% da DCL sobre a RCL (III/RCL),3,Q,6.4,dentro do limite
Governo do Estado do Pará,PA,2018,Até o 3º Quadrimestre,% da DCL sobre a RCL (III/RCL),3,Q,13.31,dentro do limite
Governo do Estado do Pará,PA,2019,Até o 3º Quadrimestre,% da DCL sobre a RCL (III/RCL),3,Q,7.51,dentro do limite
Governo do Estado do Paraná,PR,2015,Até o 3º Quadrimestre,% da DCL sobre a RCL (III/RCL),3,Q,50.38,dentro do limite
Governo do Estado do Paraná,PR,2016,Até o 3º Quadrimestre,% da DCL sobre a RCL (III/RCL),3,Q,38.82,dentro do limite
Governo do Estado do Paraná,PR,2017,Até o 3º Quadrimestre,% da DCL sobre a RCL (III/RCL),3,Q,29.34,dentro do limite
Governo do Estado do Paraná,PR,2018,Até o 3º Quadrimestre,% da DCL sobre a RCL (III/RCL),3,Q,38.56,dentro do limite
Governo do Estado do Paraná,PR,2019,Até o 3º Quadrimestre,% da DCL sobre a RCL (III/RCL),3,Q,43.68,dentro do limite
Governo do Estado do Piauí,PI,2015,Até o 3º Quadrimestre,% da DCL sobre a RCL (III/RCL),3,Q,57.01,dentro do limite
Governo do Estado do Piauí,PI,2016,Até o 3º Quadrimestre,% da DCL sobre a RCL (III/RCL),3,Q,45.17,dentro do limite
Governo do Estado do Piauí,PI,2017,Até o 3º Quadrimestre,% da DCL sobre a RCL (III/RCL),3,Q,41.07,dentro do limite
Governo do Estado do Piauí,PI,2018,Até o 3º Quadrimestre,% da DCL sobre a RCL (III/RCL),3,Q,50.46,dentro do limite
Governo do Estado do Piauí,PI,2019,Até o 3º Quadrimestre,% da DCL sobre a RCL (III/RCL),3,Q,54.71,dentro do limite
Governo do Estado do Rio de Janeiro,RJ,2015,Até o 3º Quadrimestre,% da DCL sobre a RCL (III/RCL),3,Q,197.51,dentro do limite
Governo do Estado do Rio de Janeiro,RJ,2016,Até o 3º Quadrimestre,% da DCL sobre a RCL (III/RCL),3,Q,233.84,acima do limite
Governo do Estado do Rio de Janeiro,RJ,2017,Até o 3º Quadrimestre,% da DCL sobre a RCL (III/RCL),3,Q,269.74,acima do limite
Governo do Estado do Rio de Janeiro,RJ,2018,Até o 3º Quadrimestre,% da DCL sobre a RCL (III/RCL),3,Q,262.92,acima do limite
Governo do Estado do Rio de Janeiro,RJ,2019,Até o 3º Quadrimestre,% da DCL sobre a RCL (III/RCL),3,Q,282.08,acima do limite
Governo do Estado do Rio Grande do Norte,RN,2015,Até o 3º Quadrimestre,% da DCL sobre a RCL (III/RCL),3,Q,9.04,dentro do limite
Governo do Estado do Rio Grande do Norte,RN,2016,Até o 3º Quadrimestre,% da DCL sobre a RCL (III/RCL),3,Q,12.41,dentro do limite
Governo do Estado do Rio Grande do Norte,RN,2017,Até o 3º Quadrimestre,% da DCL sobre a RCL (III/RCL),3,Q,13.22,dentro do limite
Governo do Estado do Rio Grande do Norte,RN,2018,Até o 3º Quadrimestre,% da DCL sobre a RCL (III/RCL),3,Q,46.25,dentro do limite
Governo do Estado do Rio Grande do Norte,RN,2019,Até o 3º Quadrimestre,% da DCL sobre a RCL (III/RCL),3,Q,31.98,dentro do limite
Governo do Estado do Rio Grande do Sul,RS,2015,Até o 3º Quadrimestre,% da DCL sobre a RCL (III/RCL),3,Q,227.23,acima do limite
Governo do Estado do Rio Grande do Sul,RS,2016,Até o 3º Quadrimestre,% da DCL sobre a RCL (III/RCL),3,Q,212.95,acima do limite
Governo do Estado do Rio Grande do Sul,RS,2017,Até o 3º Quadrimestre,% da DCL sobre a RCL (III/RCL),3,Q,218.86,acima do limite
Governo do Estado do Rio Grande do Sul,RS,2018,Até o 3º Quadrimestre,% da DCL sobre a RCL (III/RCL),3,Q,222.9,acima do limite
Governo do Estado do Rio Grande do Sul,RS,2019,Até o 3º Quadrimestre,% da DCL sobre a RCL (III/RCL),3,Q,224.38,acima do limite
Governo do Estado do Tocantins,TO,2015,Até o 3º Quadrimestre,% da DCL sobre a RCL (III/RCL),3,Q,40.03,dentro do limite
Governo do Estado do Tocantins,TO,2016,Até o 3º Quadrimestre,% da DCL sobre a RCL (III/RCL),3,Q,33.05,dentro do limite
Governo do Estado do Tocantins,TO,2017,Até o 3º Quadrimestre,% da DCL sobre a RCL (III/RCL),3,Q,38.01,dentro do limite
Governo do Estado do Tocantins,TO,2018,Até o 3º Quadrimestre,% da DCL sobre a RCL (III/RCL),3,Q,63.56,dentro do limite
Governo do Estado do Tocantins,TO,2019,Até o 3º Quadrimestre,% da DCL sobre a RCL (III/RCL),3,Q,56.95,dentro do limite
Governo do Estado do Amapá,AP,2017,Até o 3º Quadrimestre,% da DCL sobre a RCL (III/RCL),3,Q,0,dentro do limite
Governo do Distrito Federal,DF,2015,DESPESAS LIQUIDADAS ATÉ O BIMESTRE (h),INVESTIMENTOS,6,B,496986001.83,maior que 10% da RCL
Governo do Distrito Federal,DF,2016,DESPESAS LIQUIDADAS ATÉ O BIMESTRE (h),INVESTIMENTOS,6,B,561787901.8299999,maior que 10% da RCL
Governo do Distrito Federal,DF,2017,DESPESAS LIQUIDADAS ATÉ O BIMESTRE (h),INVESTIMENTOS,6,B,685691693.78,maior que 10% da RCL
Governo do Distrito Federal,DF,2018,DESPESAS LIQUIDADAS ATÉ O BIMESTRE (h),INVESTIMENTOS,6,B,849477960.83,maior que 10% da RCL
Governo do Distrito Federal,DF,2019,DESPESAS LIQUIDADAS ATÉ O BIMESTRE (h),INVESTIMENTOS,6,B,664737465.97,maior que 10% da RCL
Governo do Estado da Bahia,BA,2015,DESPESAS LIQUIDADAS ATÉ O BIMESTRE (h),INVESTIMENTOS,6,B,2231841436.93,maior que 10% da RCL
Governo do Estado da Bahia,BA,2016,Até o Bimestre (h),INVESTIMENTOS,6,B,3170929225.2,maior que 10% da RCL
Governo do Estado da Bahia,BA,2017,DESPESAS LIQUIDADAS ATÉ O BIMESTRE (h),INVESTIMENTOS,6,B,2483192163.48,maior que 10% da RCL
Governo do Estado da Bahia,BA,2018,DESPESAS LIQUIDADAS ATÉ O BIMESTRE (h),INVESTIMENTOS,6,B,2449844273.78,maior que 10% da RCL
Governo do Estado da Bahia,BA,2019,DESPESAS LIQUIDADAS ATÉ O BIMESTRE (h),INVESTIMENTOS,6,B,2232101993.62,maior que 10% da RCL
Governo do Estado da Paraíba,PB,2015,DESPESAS LIQUIDADAS ATÉ O BIMESTRE (h),INVESTIMENTOS,6,B,735279554.14,maior que 10% da RCL
Governo do Estado da Paraíba,PB,2016,DESPESAS LIQUIDADAS ATÉ O BIMESTRE (h),INVESTIMENTOS,6,B,627744997.55,maior que 10% da RCL
Governo do Estado da Paraíba,PB,2017,DESPESAS LIQUIDADAS ATÉ O BIMESTRE (h),INVESTIMENTOS,6,B,563581792.29,maior que 10% da RCL
Governo do Estado da Paraíba,PB,2018,DESPESAS LIQUIDADAS ATÉ O BIMESTRE (h),INVESTIMENTOS,6,B,645555466.7399999,maior que 10% da RCL
Governo do Estado da Paraíba,PB,2019,DESPESAS LIQUIDADAS ATÉ O BIMESTRE (h),INVESTIMENTOS,6,B,455063270.41999996,maior que 10% da RCL
Governo do Estado de Alagoas,AL,2015,DESPESAS LIQUIDADAS ATÉ O BIMESTRE (h),INVESTIMENTOS,6,B,462422557.82,maior que 10% da RCL
Governo do Estado de Alagoas,AL,2016,DESPESAS LIQUIDADAS ATÉ O BIMESTRE (h),INVESTIMENTOS,6,B,529714100.51,maior que 10% da RCL
Governo do Estado de Alagoas,AL,2017,DESPESAS LIQUIDADAS ATÉ O BIMESTRE (h),INVESTIMENTOS,6,B,659204688.67,maior que 10% da RCL
Governo do Estado de Alagoas,AL,2018,DESPESAS LIQUIDADAS ATÉ O BIMESTRE (h),INVESTIMENTOS,6,B,967045378.24,maior que 10% da RCL
Governo do Estado de Alagoas,AL,2019,DESPESAS LIQUIDADAS ATÉ O BIMESTRE (h),INVESTIMENTOS,6,B,724364185.79,maior que 10% da RCL
Governo do Estado de Goiás,GO,2015,DESPESAS LIQUIDADAS ATÉ O BIMESTRE (h),INVESTIMENTOS,6,B,1025412032.85,maior que 10% da RCL
Governo do Estado de Goiás,GO,2016,DESPESAS LIQUIDADAS ATÉ O BIMESTRE (h),INVESTIMENTOS,6,B,515931347.68,maior que 10% da RCL
Governo do Estado de Goiás,GO,2017,DESPESAS LIQUIDADAS ATÉ O BIMESTRE (h),INVESTIMENTOS,6,B,1270084126.39,maior que 10% da RCL
Governo do Estado de Goiás,GO,2018,DESPESAS LIQUIDADAS ATÉ O BIMESTRE (h),INVESTIMENTOS,6,B,1132547615.16,maior que 10% da RCL
Governo do Estado de Goiás,GO,2019,DESPESAS LIQUIDADAS ATÉ O BIMESTRE (h),INVESTIMENTOS,6,B,359669920.19,maior que 10% da RCL
Governo do Estado de Minas Gerais,MG,2015,DESPESAS LIQUIDADAS ATÉ O BIMESTRE (h),INVESTIMENTOS,6,B,1995953036.35,maior que 10% da RCL
Governo do Estado de Minas Gerais,MG,2016,DESPESAS LIQUIDADAS ATÉ O BIMESTRE (h),INVESTIMENTOS,6,B,1509096555,maior que 10% da RCL
Governo do Estado de Minas Gerais,MG,2017,DESPESAS LIQUIDADAS ATÉ O BIMESTRE (h),INVESTIMENTOS,6,B,1307356923.97,maior que 10% da RCL
Governo do Estado de Minas Gerais,MG,2018,DESPESAS LIQUIDADAS ATÉ O BIMESTRE (h),INVESTIMENTOS,6,B,1132691582.58,maior que 10% da RCL
Governo do Estado de Minas Gerais,MG,2019,DESPESAS LIQUIDADAS ATÉ O BIMESTRE (h),INVESTIMENTOS,6,B,1451217322.98,maior que 10% da RCL
Governo do Estado de Pernambuco,PE,2015,DESPESAS LIQUIDADAS ATÉ O BIMESTRE (h),INVESTIMENTOS,6,B,1066479955.64,maior que 10% da RCL
Governo do Estado de Pernambuco,PE,2016,DESPESAS LIQUIDADAS ATÉ O BIMESTRE (h),INVESTIMENTOS,6,B,1136616873.43,maior que 10% da RCL
Governo do Estado de Pernambuco,PE,2017,DESPESAS LIQUIDADAS ATÉ O BIMESTRE (h),INVESTIMENTOS,6,B,1143845958.48,maior que 10% da RCL
Governo do Estado de Pernambuco,PE,2018,DESPESAS LIQUIDADAS ATÉ O BIMESTRE (h),INVESTIMENTOS,6,B,869249725.48,maior que 10% da RCL
Governo do Estado de Pernambuco,PE,2019,DESPESAS LIQUIDADAS ATÉ O BIMESTRE (h),INVESTIMENTOS,6,B,646706650.03,maior que 10% da RCL
Governo do Estado de Rondônia,RO,2015,DESPESAS LIQUIDADAS ATÉ O BIMESTRE (h),INVESTIMENTOS,6,B,238626492.13,maior que 10% da RCL
Governo do Estado de Rondônia,RO,2016,DESPESAS LIQUIDADAS ATÉ O BIMESTRE (h),INVESTIMENTOS,6,B,319634342.09,maior que 10% da RCL
Governo do Estado de Rondônia,RO,2017,DESPESAS LIQUIDADAS ATÉ O BIMESTRE (h),INVESTIMENTOS,6,B,370653930.89,maior que 10% da RCL
Governo do Estado de Rondônia,RO,2018,DESPESAS LIQUIDADAS ATÉ O BIMESTRE (h),INVESTIMENTOS,6,B,559704370.38,maior que 10% da RCL
Governo do Estado de Rondônia,RO,2019,DESPESAS LIQUIDADAS ATÉ O BIMESTRE (h),INVESTIMENTOS,6,B,249197616.27,maior que 10% da RCL
Governo do Estado de Roraima,RR,2015,DESPESAS LIQUIDADAS ATÉ O BIMESTRE (h),INVESTIMENTOS,6,B,142938323.26999998,maior que 10% da RCL
Governo do Estado de Roraima,RR,2016,DESPESAS LIQUIDADAS ATÉ O BIMESTRE (h),INVESTIMENTOS,6,B,111995714.08999999,maior que 10% da RCL
Governo do Estado de Roraima,RR,2017,DESPESAS LIQUIDADAS ATÉ O BIMESTRE (h),INVESTIMENTOS,6,B,135563239.64,maior que 10% da RCL
Governo do Estado de Roraima,RR,2018,DESPESAS LIQUIDADAS ATÉ O BIMESTRE (h),INVESTIMENTOS,6,B,90976136.3,maior que 10% da RCL
Governo do Estado de Roraima,RR,2019,DESPESAS LIQUIDADAS ATÉ O BIMESTRE (h),INVESTIMENTOS,6,B,60049561.42,maior que 10% da RCL
Governo do Estado de Santa Catarina,SC,2015,DESPESAS LIQUIDADAS ATÉ O BIMESTRE (h),INVESTIMENTOS,6,B,1674617902.42,maior que 10% da RCL
Governo do Estado de Santa Catarina,SC,2016,DESPESAS LIQUIDADAS ATÉ O BIMESTRE (h),INVESTIMENTOS,6,B,1634078744.95,maior que 10% da RCL
Governo do Estado de Santa Catarina,SC,2017,DESPESAS LIQUIDADAS ATÉ O BIMESTRE (h),INVESTIMENTOS,6,B,1686625966.5700002,maior que 10% da RCL
Governo do Estado de Santa Catarina,SC,2018,DESPESAS LIQUIDADAS ATÉ O BIMESTRE (h),INVESTIMENTOS,6,B,1309307380.27,maior que 10% da RCL
Governo do Estado de Santa Catarina,SC,2019,DESPESAS LIQUIDADAS ATÉ O BIMESTRE (h),INVESTIMENTOS,6,B,916994923.32,maior que 10% da RCL
Governo do Estado de São Paulo,SP,2015,DESPESAS LIQUIDADAS ATÉ O BIMESTRE (h),INVESTIMENTOS,6,B,8154329724.440001,maior que 10% da RCL
Governo do Estado de São Paulo,SP,2016,DESPESAS LIQUIDADAS ATÉ O BIMESTRE (h),INVESTIMENTOS,6,B,7129201830.6,maior que 10% da RCL
Governo do Estado de São Paulo,SP,2017,DESPESAS LIQUIDADAS ATÉ O BIMESTRE (h),INVESTIMENTOS,6,B,8877824050.94,maior que 10% da RCL
Governo do Estado de São Paulo,SP,2018,DESPESAS LIQUIDADAS ATÉ O BIMESTRE (h),INVESTIMENTOS,6,B,8193488095.08,maior que 10% da RCL
Governo do Estado de São Paulo,SP,2019,DESPESAS LIQUIDADAS ATÉ O BIMESTRE (h),INVESTIMENTOS,6,B,7163438769.64,maior que 10% da RCL
Governo do Estado de Sergipe,SE,2015,DESPESAS LIQUIDADAS ATÉ O BIMESTRE (h),INVESTIMENTOS,6,B,337967651.29,maior que 10% da RCL
Governo do Estado de Sergipe,SE,2016,DESPESAS LIQUIDADAS ATÉ O BIMESTRE (h),INVESTIMENTOS,6,B,369675557.23,maior que 10% da RCL
Governo do Estado de Sergipe,SE,2017,DESPESAS LIQUIDADAS ATÉ O BIMESTRE (h),INVESTIMENTOS,6,B,311832488.63,maior que 10% da RCL
Governo do Estado de Sergipe,SE,2018,DESPESAS LIQUIDADAS ATÉ O BIMESTRE (h),INVESTIMENTOS,6,B,385599929.09,maior que 10% da RCL
Governo do Estado de Sergipe,SE,2019,DESPESAS LIQUIDADAS ATÉ O BIMESTRE (h),INVESTIMENTOS,6,B,205631587.68,maior que 10% da RCL
Governo do Estado do Acre,AC,2015,DESPESAS LIQUIDADAS ATÉ O BIMESTRE (h),INVESTIMENTOS,6,B,362537770.08000004,maior que 10% da RCL
Governo do Estado do Acre,AC,2016,DESPESAS LIQUIDADAS ATÉ O BIMESTRE (h),INVESTIMENTOS,6,B,269456474.34999996,maior que 10% da RCL
Governo do Estado do Acre,AC,2017,DESPESAS LIQUIDADAS ATÉ O BIMESTRE (h),INVESTIMENTOS,6,B,279496146.42,maior que 10% da RCL
Governo do Estado do Acre,AC,2018,DESPESAS LIQUIDADAS ATÉ O BIMESTRE (h),INVESTIMENTOS,6,B,401455219.95,maior que 10% da RCL
Governo do Estado do Acre,AC,2019,DESPESAS LIQUIDADAS ATÉ O BIMESTRE (h),INVESTIMENTOS,6,B,135861279.64,maior que 10% da RCL
Governo do Estado do Amapá,AP,2015,DESPESAS LIQUIDADAS ATÉ O BIMESTRE (h),INVESTIMENTOS,6,B,234367566.58,maior que 10% da RCL
Governo do Estado do Amapá,AP,2016,DESPESAS LIQUIDADAS ATÉ O BIMESTRE (h),INVESTIMENTOS,6,B,104400560.3,maior que 10% da RCL
Governo do Estado do Amapá,AP,2017,DESPESAS LIQUIDADAS ATÉ O BIMESTRE (h),INVESTIMENTOS,6,B,120732991.96,maior que 10% da RCL
Governo do Estado do Amapá,AP,2018,DESPESAS LIQUIDADAS ATÉ O BIMESTRE (h),INVESTIMENTOS,6,B,95772557.54,maior que 10% da RCL
Governo do Estado do Amapá,AP,2019,DESPESAS LIQUIDADAS ATÉ O BIMESTRE (h),INVESTIMENTOS,6,B,134734777.18,maior que 10% da RCL
Governo do Estado do Amazonas,AM,2015,DESPESAS LIQUIDADAS ATÉ O BIMESTRE (h),INVESTIMENTOS,6,B,758126703.59,maior que 10% da RCL
Governo do Estado do Amazonas,AM,2016,DESPESAS LIQUIDADAS ATÉ O BIMESTRE (h),INVESTIMENTOS,6,B,705385104.51,maior que 10% da RCL
Governo do Estado do Amazonas,AM,2017,DESPESAS LIQUIDADAS ATÉ O BIMESTRE (h),INVESTIMENTOS,6,B,590981237.46,maior que 10% da RCL
Governo do Estado do Amazonas,AM,2018,DESPESAS LIQUIDADAS ATÉ O BIMESTRE (h),INVESTIMENTOS,6,B,1133011068.76,maior que 10% da RCL
Governo do Estado do Amazonas,AM,2019,DESPESAS LIQUIDADAS ATÉ O BIMESTRE (h),INVESTIMENTOS,6,B,669909280.47,maior que 10% da RCL
Governo do Estado do Ceará,CE,2015,DESPESAS LIQUIDADAS ATÉ O BIMESTRE (h),INVESTIMENTOS,6,B,2254572108.4300003,maior que 10% da RCL
Governo do Estado do Ceará,CE,2016,DESPESAS LIQUIDADAS ATÉ O BIMESTRE (h),INVESTIMENTOS,6,B,1977965814.72,maior que 10% da RCL
Governo do Estado do Ceará,CE,2017,DESPESAS LIQUIDADAS ATÉ O BIMESTRE (h),INVESTIMENTOS,6,B,2126730371.76,maior que 10% da RCL
Governo do Estado do Ceará,CE,2018,DESPESAS LIQUIDADAS ATÉ O BIMESTRE (h),INVESTIMENTOS,6,B,2733293560.16,maior que 10% da RCL
Governo do Estado do Ceará,CE,2019,DESPESAS LIQUIDADAS ATÉ O BIMESTRE (h),INVESTIMENTOS,6,B,1843176072.8899999,maior que 10% da RCL
Governo do Estado do Espírito Santo,ES,2015,DESPESAS LIQUIDADAS ATÉ O BIMESTRE (h),INVESTIMENTOS,6,B,511504622.6,maior que 10% da RCL
Governo do Estado do Espírito Santo,ES,2016,DESPESAS LIQUIDADAS ATÉ O BIMESTRE (h),INVESTIMENTOS,6,B,472733279.06,maior que 10% da RCL
Governo do Estado do Espírito Santo,ES,2017,DESPESAS LIQUIDADAS ATÉ O BIMESTRE (h),INVESTIMENTOS,6,B,483145238.2,maior que 10% da RCL
Governo do Estado do Espírito Santo,ES,2018,DESPESAS LIQUIDADAS ATÉ O BIMESTRE (h),INVESTIMENTOS,6,B,771340819.0699999,maior que 10% da RCL
Governo do Estado do Espírito Santo,ES,2019,DESPESAS LIQUIDADAS ATÉ O BIMESTRE (h),INVESTIMENTOS,6,B,849507437.31,maior que 10% da RCL
Governo do Estado do Maranhão,MA,2015,DESPESAS LIQUIDADAS ATÉ O BIMESTRE (h),INVESTIMENTOS,6,B,708322379.2,maior que 10% da RCL
Governo do Estado do Maranhão,MA,2016,DESPESAS LIQUIDADAS ATÉ O BIMESTRE (h),INVESTIMENTOS,6,B,822681451.59,maior que 10% da RCL
Governo do Estado do Maranhão,MA,2017,DESPESAS LIQUIDADAS ATÉ O BIMESTRE (h),INVESTIMENTOS,6,B,1177583363.41,maior que 10% da RCL
Governo do Estado do Maranhão,MA,2018,DESPESAS LIQUIDADAS ATÉ O BIMESTRE (h),INVESTIMENTOS,6,B,1216265039.58,maior que 10% da RCL
Governo do Estado do Maranhão,MA,2019,DESPESAS LIQUIDADAS ATÉ O BIMESTRE (h),INVESTIMENTOS,6,B,912311380.14,maior que 10% da RCL
Governo do Estado do Mato Grosso,MT,2015,DESPESAS LIQUIDADAS ATÉ O BIMESTRE (h),INVESTIMENTOS,6,B,620233401.64,maior que 10% da RCL
Governo do Estado do Mato Grosso,MT,2016,DESPESAS LIQUIDADAS ATÉ O BIMESTRE (h),INVESTIMENTOS,6,B,783412721.74,maior que 10% da RCL
Governo do Estado do Mato Grosso,MT,2017,DESPESAS LIQUIDADAS ATÉ O BIMESTRE (h),INVESTIMENTOS,6,B,903712441.11,maior que 10% da RCL
Governo do Estado do Mato Grosso,MT,2018,DESPESAS LIQUIDADAS ATÉ O BIMESTRE (h),INVESTIMENTOS,6,B,619358181.7,maior que 10% da RCL
Governo do Estado do Mato Grosso,MT,2019,DESPESAS LIQUIDADAS ATÉ O BIMESTRE (h),INVESTIMENTOS,6,B,649162819.48,maior que 10% da RCL
Governo do Estado do Mato Grosso do Sul,MS,2015,DESPESAS LIQUIDADAS ATÉ O BIMESTRE (h),INVESTIMENTOS,6,B,491595641.28,maior que 10% da RCL
Governo do Estado do Mato Grosso do Sul,MS,2016,DESPESAS LIQUIDADAS ATÉ O BIMESTRE (h),INVESTIMENTOS,6,B,762618173.82,maior que 10% da RCL
Governo do Estado do Mato Grosso do Sul,MS,2017,DESPESAS LIQUIDADAS ATÉ O BIMESTRE (h),INVESTIMENTOS,6,B,962959895.22,maior que 10% da RCL
Governo do Estado do Mato Grosso do Sul,MS,2018,DESPESAS LIQUIDADAS ATÉ O BIMESTRE (h),INVESTIMENTOS,6,B,1183101170.07,maior que 10% da RCL
Governo do Estado do Mato Grosso do Sul,MS,2019,DESPESAS LIQUIDADAS ATÉ O BIMESTRE (h),INVESTIMENTOS,6,B,911700502.34,maior que 10% da RCL
Governo do Estado do Pará,PA,2015,DESPESAS LIQUIDADAS ATÉ O BIMESTRE (h),INVESTIMENTOS,6,B,1359924415.43,maior que 10% da RCL
Governo do Estado do Pará,PA,2016,DESPESAS LIQUIDADAS ATÉ O BIMESTRE (h),INVESTIMENTOS,6,B,938459455.81,maior que 10% da RCL
Governo do Estado do Pará,PA,2017,DESPESAS LIQUIDADAS ATÉ O BIMESTRE (h),INVESTIMENTOS,6,B,1112595716.37,maior que 10% da RCL
Governo do Estado do Pará,PA,2018,DESPESAS LIQUIDADAS ATÉ O BIMESTRE (h),INVESTIMENTOS,6,B,2379026118.97,maior que 10% da RCL
Governo do Estado do Pará,PA,2019,DESPESAS LIQUIDADAS ATÉ O BIMESTRE (h),INVESTIMENTOS,6,B,1307668466.68,maior que 10% da RCL
Governo do Estado do Paraná,PR,2015,DESPESAS LIQUIDADAS ATÉ O BIMESTRE (h),INVESTIMENTOS,6,B,650480447.64,maior que 10% da RCL
Governo do Estado do Paraná,PR,2016,DESPESAS LIQUIDADAS ATÉ O BIMESTRE (h),INVESTIMENTOS,6,B,1382131037.04,maior que 10% da RCL
Governo do Estado do Paraná,PR,2017,DESPESAS LIQUIDADAS ATÉ O BIMESTRE (h),INVESTIMENTOS,6,B,2009732155.54,maior que 10% da RCL
Governo do Estado do Paraná,PR,2018,DESPESAS LIQUIDADAS ATÉ O BIMESTRE (h),INVESTIMENTOS,6,B,1678097690.41,maior que 10% da RCL
Governo do Estado do Paraná,PR,2019,DESPESAS LIQUIDADAS ATÉ O BIMESTRE (h),INVESTIMENTOS,6,B,1287374388.8500001,maior que 10% da RCL
Governo do Estado do Piauí,PI,2015,DESPESAS LIQUIDADAS ATÉ O BIMESTRE (h),INVESTIMENTOS,6,B,479273295.19,maior que 10% da RCL
Governo do Estado do Piauí,PI,2016,DESPESAS LIQUIDADAS ATÉ O BIMESTRE (h),INVESTIMENTOS,6,B,813402837.95,maior que 10% da RCL
Governo do Estado do Piauí,PI,2017,DESPESAS LIQUIDADAS ATÉ O BIMESTRE (h),INVESTIMENTOS,6,B,671052851.39,maior que 10% da RCL
Governo do Estado do Piauí,PI,2018,DESPESAS LIQUIDADAS ATÉ O BIMESTRE (h),INVESTIMENTOS,6,B,782792363.21,maior que 10% da RCL
Governo do Estado do Piauí,PI,2019,DESPESAS LIQUIDADAS ATÉ O BIMESTRE (h),INVESTIMENTOS,6,B,559043470.49,maior que 10% da RCL
Governo do Estado do Rio de Janeiro,RJ,2015,DESPESAS LIQUIDADAS ATÉ O BIMESTRE (h),INVESTIMENTOS,6,B,6644043442.77,maior que 10% da RCL
Governo do Estado do Rio de Janeiro,RJ,2016,DESPESAS LIQUIDADAS ATÉ O BIMESTRE (h),INVESTIMENTOS,6,B,2508117105,maior que 10% da RCL
Governo do Estado do Rio de Janeiro,RJ,2017,DESPESAS LIQUIDADAS ATÉ O BIMESTRE (h),INVESTIMENTOS,6,B,987262085,maior que 10% da RCL
Governo do Estado do Rio de Janeiro,RJ,2018,DESPESAS LIQUIDADAS ATÉ O BIMESTRE (h),INVESTIMENTOS,6,B,1482376522.75,maior que 10% da RCL
Governo do Estado do Rio de Janeiro,RJ,2019,DESPESAS LIQUIDADAS ATÉ O BIMESTRE (h),INVESTIMENTOS,6,B,970367645,maior que 10% da RCL
Governo do Estado do Rio Grande do Norte,RN,2015,Até o Bimestre (h),INVESTIMENTOS,6,B,314464700.05,maior que 10% da RCL
Governo do Estado do Rio Grande do Norte,RN,2016,DESPESAS LIQUIDADAS ATÉ O BIMESTRE (h),INVESTIMENTOS,6,B,396351810.91,maior que 10% da RCL
Governo do Estado do Rio Grande do Norte,RN,2017,DESPESAS LIQUIDADAS ATÉ O BIMESTRE (h),INVESTIMENTOS,6,B,380734547.6,maior que 10% da RCL
Governo do Estado do Rio Grande do Norte,RN,2018,DESPESAS LIQUIDADAS ATÉ O BIMESTRE (h),INVESTIMENTOS,6,B,686981844.52,maior que 10% da RCL
Governo do Estado do Rio Grande do Norte,RN,2019,DESPESAS LIQUIDADAS ATÉ O BIMESTRE (h),INVESTIMENTOS,6,B,483413831.41,maior que 10% da RCL
Governo do Estado do Rio Grande do Sul,RS,2015,DESPESAS LIQUIDADAS ATÉ O BIMESTRE (h),INVESTIMENTOS,6,B,403391775.56,maior que 10% da RCL
Governo do Estado do Rio Grande do Sul,RS,2016,DESPESAS LIQUIDADAS ATÉ O BIMESTRE (h),INVESTIMENTOS,6,B,609300123.29,maior que 10% da RCL
Governo do Estado do Rio Grande do Sul,RS,2017,DESPESAS LIQUIDADAS ATÉ O BIMESTRE (h),INVESTIMENTOS,6,B,666615446.72,maior que 10% da RCL
Governo do Estado do Rio Grande do Sul,RS,2018,DESPESAS LIQUIDADAS ATÉ O BIMESTRE (h),INVESTIMENTOS,6,B,1101730950.35,maior que 10% da RCL
Governo do Estado do Rio Grande do Sul,RS,2019,DESPESAS LIQUIDADAS ATÉ O BIMESTRE (h),INVESTIMENTOS,6,B,572804996.52,maior que 10% da RCL
Governo do Estado do Tocantins,TO,2015,DESPESAS LIQUIDADAS ATÉ O BIMESTRE (h),INVESTIMENTOS,6,B,281246015.15,maior que 10% da RCL
Governo do Estado do Tocantins,TO,2016,DESPESAS LIQUIDADAS ATÉ O BIMESTRE (h),INVESTIMENTOS,6,B,472843357.93,maior que 10% da RCL
Governo do Estado do Tocantins,TO,2017,DESPESAS LIQUIDADAS ATÉ O BIMESTRE (h),INVESTIMENTOS,6,B,425555362.88,maior que 10% da RCL
Governo do Estado do Tocantins,TO,2018,DESPESAS LIQUIDADAS ATÉ O BIMESTRE (h),INVESTIMENTOS,6,B,285983788.37,maior que 10% da RCL
Governo do Estado do Tocantins,TO,2019,DESPESAS LIQUIDADAS ATÉ O BIMESTRE (h),INVESTIMENTOS,6,B,236166553.46,maior que 10% da RCL
Governo do Distrito Federal,DF,2015,% sobre a RCL,DESPESA TOTAL COM PESSOAL - DTP (V) = (III a + III b),3,Q,46.78,dentro do limite
Governo do Distrito Federal,DF,2016,% sobre a RCL,DESPESA TOTAL COM PESSOAL - DTP (V) = (III a + III b),3,Q,46.82,dentro do limite
Governo do Distrito Federal,DF,2017,% sobre a RCL Ajustada,DESPESA TOTAL COM PESSOAL - DTP (VII) = (IIIa + IIIb),3,Q,46.07,dentro do limite
Governo do Distrito Federal,DF,2018,% sobre a RCL Ajustada,DESPESA TOTAL COM PESSOAL - DTP (VII) = (IIIa + IIIb),3,Q,43.46,dentro do limite
Governo do Distrito Federal,DF,2019,% sobre a RCL Ajustada,DESPESA TOTAL COM PESSOAL - DTP (VII) = (IIIa + IIIb),3,Q,43.54,dentro do limite
Governo do Estado da Bahia,BA,2015,% sobre a RCL,DESPESA TOTAL COM PESSOAL - DTP (V) = (III a + III b),3,Q,47.61,dentro do limite
Governo do Estado da Bahia,BA,2016,% sobre a RCL,DESPESA TOTAL COM PESSOAL - DTP (V) = (III a + III b),3,Q,46.32,dentro do limite
Governo do Estado da Bahia,BA,2017,% sobre a RCL Ajustada,DESPESA TOTAL COM PESSOAL - DTP (VII) = (IIIa + IIIb),3,Q,43.06,dentro do limite
Governo do Estado da Bahia,BA,2018,% sobre a RCL Ajustada,DESPESA TOTAL COM PESSOAL - DTP (VII) = (IIIa + IIIb),3,Q,46.13,dentro do limite
Governo do Estado da Bahia,BA,2019,% sobre a RCL Ajustada,DESPESA TOTAL COM PESSOAL - DTP (VII) = (IIIa + IIIb),3,Q,43.85,dentro do limite
Governo do Estado da Paraíba,PB,2015,% sobre a RCL,DESPESA TOTAL COM PESSOAL - DTP (V) = (III a + III b),3,Q,51.51,acima do limite
Governo do Estado da Paraíba,PB,2016,% sobre a RCL,DESPESA TOTAL COM PESSOAL - DTP (V) = (III a + III b),3,Q,48.55,dentro do limite
Governo do Estado da Paraíba,PB,2017,% sobre a RCL Ajustada,DESPESA TOTAL COM PESSOAL - DTP (VII) = (IIIa + IIIb),3,Q,47.41,dentro do limite
Governo do Estado da Paraíba,PB,2018,% sobre a RCL Ajustada,DESPESA TOTAL COM PESSOAL - DTP (VII) = (IIIa + IIIb),3,Q,50.61,acima do limite
Governo do Estado da Paraíba,PB,2019,% sobre a RCL Ajustada,DESPESA TOTAL COM PESSOAL - DTP (VII) = (IIIa + IIIb),3,Q,48.86,dentro do limite
Governo do Estado de Alagoas,AL,2015,% sobre a RCL,DESPESA TOTAL COM PESSOAL - DTP (V) = (III a + III b),3,Q,48.35,dentro do limite
Governo do Estado de Alagoas,AL,2016,% sobre a RCL,DESPESA TOTAL COM PESSOAL - DTP (V) = (III a + III b),3,Q,45.97,dentro do limite
Governo do Estado de Alagoas,AL,2017,% sobre a RCL Ajustada,DESPESA TOTAL COM PESSOAL - DTP (VII) = (IIIa + IIIb),3,Q,48.63,dentro do limite
Governo do Estado de Alagoas,AL,2018,% sobre a RCL Ajustada,DESPESA TOTAL COM PESSOAL - DTP (VII) = (IIIa + IIIb),3,Q,48.69,dentro do limite
Governo do Estado de Alagoas,AL,2019,% sobre a RCL Ajustada,DESPESA TOTAL COM PESSOAL - DTP (VII) = (IIIa + IIIb),3,Q,44.71,dentro do limite
Governo do Estado de Goiás,GO,2015,% sobre a RCL,DESPESA TOTAL COM PESSOAL - DTP (V) = (III a + III b),3,Q,48.44,dentro do limite
Governo do Estado de Goiás,GO,2016,% sobre a RCL,DESPESA TOTAL COM PESSOAL - DTP (V) = (III a + III b),3,Q,46.74,dentro do limite
Governo do Estado de Goiás,GO,2017,% sobre a RCL Ajustada,DESPESA TOTAL COM PESSOAL - DTP (VII) = (IIIa + IIIb),3,Q,39.3,dentro do limite
Governo do Estado de Goiás,GO,2018,% sobre a RCL Ajustada,DESPESA TOTAL COM PESSOAL - DTP (VII) = (IIIa + IIIb),3,Q,44.34,dentro do limite
Governo do Estado de Goiás,GO,2019,% sobre a RCL Ajustada,DESPESA TOTAL COM PESSOAL - DTP (VII) = (IIIa + IIIb),3,Q,49.39,acima do limite
Governo do Estado de Minas Gerais,MG,2015,% sobre a RCL,DESPESA TOTAL COM PESSOAL - DTP (V) = (III a + III b),3,Q,47.91,dentro do limite
Governo do Estado de Minas Gerais,MG,2016,% sobre a RCL,DESPESA TOTAL COM PESSOAL - DTP (V) = (III a + III b),3,Q,49.29,acima do limite
Governo do Estado de Minas Gerais,MG,2017,% sobre a RCL Ajustada,DESPESA TOTAL COM PESSOAL - DTP (VII) = (IIIa + IIIb),3,Q,50,acima do limite
Governo do Estado de Minas Gerais,MG,2018,% sobre a RCL Ajustada,DESPESA TOTAL COM PESSOAL - DTP (VII) = (IIIa + IIIb),3,Q,66.65,acima do limite
Governo do Estado de Minas Gerais,MG,2019,% sobre a RCL Ajustada,DESPESA TOTAL COM PESSOAL - DTP (VII) = (IIIa + IIIb),3,Q,58.42,acima do limite
Governo do Estado de Pernambuco,PE,2015,% sobre a RCL,DESPESA TOTAL COM PESSOAL - DTP (V) = (III a + III b),3,Q,46.19,dentro do limite
Governo do Estado de Pernambuco,PE,2016,% sobre a RCL,DESPESA TOTAL COM PESSOAL - DTP (V) = (III a + III b),3,Q,45.77,dentro do limite
Governo do Estado de Pernambuco,PE,2017,% sobre a RCL Ajustada,DESPESA TOTAL COM PESSOAL - DTP (VII) = (IIIa + IIIb),3,Q,48.97,dentro do limite
Governo do Estado de Pernambuco,PE,2018,% sobre a RCL Ajustada,DESPESA TOTAL COM PESSOAL - DTP (VII) = (IIIa + IIIb),3,Q,47.94,dentro do limite
Governo do Estado de Pernambuco,PE,2019,% sobre a RCL Ajustada,DESPESA TOTAL COM PESSOAL - DTP (VII) = (IIIa + IIIb),3,Q,46.91,dentro do limite
Governo do Estado de Rondônia,RO,2015,% sobre a RCL,DESPESA TOTAL COM PESSOAL - DTP (V) = (III a + III b),3,Q,44.39,dentro do limite
Governo do Estado de Rondônia,RO,2016,% sobre a RCL,DESPESA TOTAL COM PESSOAL - DTP (V) = (III a + III b),3,Q,41.68,dentro do limite
Governo do Estado de Rondônia,RO,2017,% sobre a RCL Ajustada,DESPESA TOTAL COM PESSOAL - DTP (VII) = (IIIa + IIIb),3,Q,43.32,dentro do limite
Governo do Estado de Rondônia,RO,2018,% sobre a RCL Ajustada,DESPESA TOTAL COM PESSOAL - DTP (VII) = (IIIa + IIIb),3,Q,41.92,dentro do limite
Governo do Estado de Rondônia,RO,2019,% sobre a RCL Ajustada,DESPESA TOTAL COM PESSOAL - DTP (VII) = (IIIa + IIIb),3,Q,39.87,dentro do limite
Governo do Estado de Roraima,RR,2015,% sobre a RCL,DESPESA TOTAL COM PESSOAL - DTP (V) = (III a + III b),3,Q,47.31,dentro do limite
Governo do Estado de Roraima,RR,2016,% sobre a RCL,DESPESA TOTAL COM PESSOAL - DTP (V) = (III a + III b),3,Q,42.68,dentro do limite
Governo do Estado de Roraima,RR,2017,% sobre a RCL Ajustada,DESPESA TOTAL COM PESSOAL - DTP (VII) = (IIIa + IIIb),3,Q,48.99,dentro do limite
Governo do Estado de Roraima,RR,2018,% sobre a RCL Ajustada,DESPESA TOTAL COM PESSOAL - DTP (VII) = (IIIa + IIIb),3,Q,45.44,dentro do limite
Governo do Estado de Roraima,RR,2019,% sobre a RCL Ajustada,DESPESA TOTAL COM PESSOAL - DTP (VII) = (IIIa + IIIb),3,Q,45.78,dentro do limite
Governo do Estado de Santa Catarina,SC,2015,% sobre a RCL,DESPESA TOTAL COM PESSOAL - DTP (V) = (III a + III b),3,Q,48.35,dentro do limite
Governo do Estado de Santa Catarina,SC,2016,% sobre a RCL,DESPESA TOTAL COM PESSOAL - DTP (V) = (III a + III b),3,Q,47.42,dentro do limite
Governo do Estado de Santa Catarina,SC,2017,% sobre a RCL Ajustada,DESPESA TOTAL COM PESSOAL - DTP (VII) = (IIIa + IIIb),3,Q,49.73,acima do limite
Governo do Estado de Santa Catarina,SC,2018,% sobre a RCL Ajustada,DESPESA TOTAL COM PESSOAL - DTP (VII) = (IIIa + IIIb),3,Q,48.76,dentro do limite
Governo do Estado de Santa Catarina,SC,2019,% sobre a RCL Ajustada,DESPESA TOTAL COM PESSOAL - DTP (VII) = (IIIa + IIIb),3,Q,45.75,dentro do limite
Governo do Estado de São Paulo,SP,2015,% sobre a RCL,DESPESA TOTAL COM PESSOAL - DTP (V) = (III a + III b),3,Q,46.28,dentro do limite
Governo do Estado de São Paulo,SP,2016,% sobre a RCL,DESPESA TOTAL COM PESSOAL - DTP (V) = (III a + III b),3,Q,46.4,dentro do limite
Governo do Estado de São Paulo,SP,2017,% sobre a RCL Ajustada,DESPESA TOTAL COM PESSOAL - DTP (VII) = (IIIa + IIIb),3,Q,43.43,dentro do limite
Governo do Estado de São Paulo,SP,2018,% sobre a RCL Ajustada,DESPESA TOTAL COM PESSOAL - DTP (VII) = (IIIa + IIIb),3,Q,43.36,dentro do limite
Governo do Estado de São Paulo,SP,2019,% sobre a RCL Ajustada,DESPESA TOTAL COM PESSOAL - DTP (VII) = (IIIa + IIIb),3,Q,44.4,dentro do limite
Governo do Estado de Sergipe,SE,2015,% sobre a RCL,DESPESA TOTAL COM PESSOAL - DTP (V) = (III a + III b),3,Q,47.82,dentro do limite
Governo do Estado de Sergipe,SE,2016,% sobre a RCL,DESPESA TOTAL COM PESSOAL - DTP (V) = (III a + III b),3,Q,47.21,dentro do limite
Governo do Estado de Sergipe,SE,2017,% sobre a RCL Ajustada,DESPESA TOTAL COM PESSOAL - DTP (VII) = (IIIa + IIIb),3,Q,47.65,dentro do limite
Governo do Estado de Sergipe,SE,2018,% sobre a RCL Ajustada,DESPESA TOTAL COM PESSOAL - DTP (VII) = (IIIa + IIIb),3,Q,47.52,dentro do limite
Governo do Estado de Sergipe,SE,2019,% sobre a RCL Ajustada,DESPESA TOTAL COM PESSOAL - DTP (VII) = (IIIa + IIIb),3,Q,46.84,dentro do limite
Governo do Estado do Acre,AC,2015,% sobre a RCL,DESPESA TOTAL COM PESSOAL - DTP (V) = (III a + III b),3,Q,48.8,dentro do limite
Governo do Estado do Acre,AC,2016,% sobre a RCL,DESPESA TOTAL COM PESSOAL - DTP (V) = (III a + III b),3,Q,45.21,dentro do limite
Governo do Estado do Acre,AC,2017,% sobre a RCL Ajustada,DESPESA TOTAL COM PESSOAL - DTP (VII) = (IIIa + IIIb),3,Q,53.86,acima do limite
Governo do Estado do Acre,AC,2018,% sobre a RCL Ajustada,DESPESA TOTAL COM PESSOAL - DTP (VII) = (IIIa + IIIb),3,Q,48.01,dentro do limite
Governo do Estado do Acre,AC,2019,% sobre a RCL Ajustada,DESPESA TOTAL COM PESSOAL - DTP (VII) = (IIIa + IIIb),3,Q,53.74,acima do limite
Governo do Estado do Amapá,AP,2015,% sobre a RCL,DESPESA TOTAL COM PESSOAL - DTP (V) = (III a + III b),3,Q,43.42,dentro do limite
Governo do Estado do Amapá,AP,2016,% sobre a RCL,DESPESA TOTAL COM PESSOAL - DTP (V) = (III a + III b),3,Q,38.97,dentro do limite
Governo do Estado do Amapá,AP,2017,% sobre a RCL Ajustada,DESPESA TOTAL COM PESSOAL - DTP (VII) = (IIIa + IIIb),3,Q,42.73,dentro do limite
Governo do Estado do Amapá,AP,2018,% sobre a RCL Ajustada,DESPESA TOTAL COM PESSOAL - DTP (VII) = (IIIa + IIIb),3,Q,40.07,dentro do limite
Governo do Estado do Amapá,AP,2019,% sobre a RCL Ajustada,DESPESA TOTAL COM PESSOAL - DTP (VII) = (IIIa + IIIb),3,Q,43.29,dentro do limite
Governo do Estado do Amazonas,AM,2015,% sobre a RCL,DESPESA TOTAL COM PESSOAL - DTP (V) = (III a + III b),3,Q,47.98,dentro do limite
Governo do Estado do Amazonas,AM,2016,% sobre a RCL,DESPESA TOTAL COM PESSOAL - DTP (V) = (III a + III b),3,Q,47.21,dentro do limite
Governo do Estado do Amazonas,AM,2017,% sobre a RCL Ajustada,DESPESA TOTAL COM PESSOAL - DTP (VII) = (IIIa + IIIb),3,Q,47.78,dentro do limite
Governo do Estado do Amazonas,AM,2018,% sobre a RCL Ajustada,DESPESA TOTAL COM PESSOAL - DTP (VII) = (IIIa + IIIb),3,Q,48.33,dentro do limite
Governo do Estado do Amazonas,AM,2019,% sobre a RCL Ajustada,DESPESA TOTAL COM PESSOAL - DTP (VII) = (IIIa + IIIb),3,Q,49.65,acima do limite
Governo do Estado do Ceará,CE,2015,% sobre a RCL,DESPESA TOTAL COM PESSOAL - DTP (V) = (III a + III b),3,Q,45.93,dentro do limite
Governo do Estado do Ceará,CE,2016,% sobre a RCL,DESPESA TOTAL COM PESSOAL - DTP (V) = (III a + III b),3,Q,40.68,dentro do limite
Governo do Estado do Ceará,CE,2017,% sobre a RCL Ajustada,DESPESA TOTAL COM PESSOAL - DTP (VII) = (IIIa + IIIb),3,Q,42.45,dentro do limite
Governo do Estado do Ceará,CE,2018,% sobre a RCL Ajustada,DESPESA TOTAL COM PESSOAL - DTP (VII) = (IIIa + IIIb),3,Q,42.3,dentro do limite
Governo do Estado do Ceará,CE,2019,% sobre a RCL Ajustada,DESPESA TOTAL COM PESSOAL - DTP (VII) = (IIIa + IIIb),3,Q,41.64,dentro do limite
Governo do Estado do Espírito Santo,ES,2015,% sobre a RCL,DESPESA TOTAL COM PESSOAL - DTP (V) = (III a + III b),3,Q,43.39,dentro do limite
Governo do Estado do Espírito Santo,ES,2016,% sobre a RCL,DESPESA TOTAL COM PESSOAL - DTP (V) = (III a + III b),3,Q,43.33,dentro do limite
Governo do Estado do Espírito Santo,ES,2017,% sobre a RCL Ajustada,DESPESA TOTAL COM PESSOAL - DTP (VII) = (IIIa + IIIb),3,Q,43.3,dentro do limite
Governo do Estado do Espírito Santo,ES,2018,% sobre a RCL Ajustada,DESPESA TOTAL COM PESSOAL - DTP (VII) = (IIIa + IIIb),3,Q,41.69,dentro do limite
Governo do Estado do Espírito Santo,ES,2019,% sobre a RCL Ajustada,DESPESA TOTAL COM PESSOAL - DTP (VII) = (IIIa + IIIb),3,Q,38.57,dentro do limite
Governo do Estado do Maranhão,MA,2015,% sobre a RCL,DESPESA TOTAL COM PESSOAL - DTP (V) = (III a + III b),3,Q,42.87,dentro do limite
Governo do Estado do Maranhão,MA,2016,% sobre a RCL,DESPESA TOTAL COM PESSOAL - DTP (V) = (III a + III b),3,Q,38.98,dentro do limite
Governo do Estado do Maranhão,MA,2017,% sobre a RCL Ajustada,DESPESA TOTAL COM PESSOAL - DTP (VII) = (IIIa + IIIb),3,Q,41.38,dentro do limite
Governo do Estado do Maranhão,MA,2018,% sobre a RCL Ajustada,DESPESA TOTAL COM PESSOAL - DTP (VII) = (IIIa + IIIb),3,Q,46.83,dentro do limite
Governo do Estado do Maranhão,MA,2019,% sobre a RCL Ajustada,DESPESA TOTAL COM PESSOAL - DTP (VII) = (IIIa + IIIb),3,Q,45.58,dentro do limite
Governo do Estado do Mato Grosso,MT,2015,% sobre a RCL,DESPESA TOTAL COM PESSOAL - DTP (V) = (III a + III b),3,Q,49.74,acima do limite
Governo do Estado do Mato Grosso,MT,2016,% sobre a RCL,DESPESA TOTAL COM PESSOAL - DTP (V) = (III a + III b),3,Q,45.33,dentro do limite
Governo do Estado do Mato Grosso,MT,2017,% sobre a RCL Ajustada,DESPESA TOTAL COM PESSOAL - DTP (VII) = (IIIa + IIIb),3,Q,47.69,dentro do limite
Governo do Estado do Mato Grosso,MT,2018,% sobre a RCL Ajustada,DESPESA TOTAL COM PESSOAL - DTP (VII) = (IIIa + IIIb),3,Q,57.89,acima do limite
Governo do Estado do Mato Grosso,MT,2019,% sobre a RCL Ajustada,DESPESA TOTAL COM PESSOAL - DTP (VII) = (IIIa + IIIb),3,Q,56.56,acima do limite
Governo do Estado do Mato Grosso do Sul,MS,2015,% sobre a RCL,DESPESA TOTAL COM PESSOAL - DTP (V) = (III a + III b),3,Q,45.83,dentro do limite
Governo do Estado do Mato Grosso do Sul,MS,2016,% sobre a RCL,DESPESA TOTAL COM PESSOAL - DTP (V) = (III a + III b),3,Q,43.15,dentro do limite
Governo do Estado do Mato Grosso do Sul,MS,2017,% sobre a RCL Ajustada,DESPESA TOTAL COM PESSOAL - DTP (VII) = (IIIa + IIIb),3,Q,48.99,dentro do limite
Governo do Estado do Mato Grosso do Sul,MS,2018,% sobre a RCL Ajustada,DESPESA TOTAL COM PESSOAL - DTP (VII) = (IIIa + IIIb),3,Q,47.22,dentro do limite
Governo do Estado do Mato Grosso do Sul,MS,2019,% sobre a RCL Ajustada,DESPESA TOTAL COM PESSOAL - DTP (VII) = (IIIa + IIIb),3,Q,47.08,dentro do limite
Governo do Estado do Pará,PA,2015,% sobre a RCL,DESPESA TOTAL COM PESSOAL - DTP (V) = (III a + III b),3,Q,47.33,dentro do limite
Governo do Estado do Pará,PA,2016,% sobre a RCL,DESPESA TOTAL COM PESSOAL - DTP (V) = (III a + III b),3,Q,44.62,dentro do limite
Governo do Estado do Pará,PA,2017,% sobre a RCL Ajustada,DESPESA TOTAL COM PESSOAL - DTP (VII) = (IIIa + IIIb),3,Q,45.08,dentro do limite
Governo do Estado do Pará,PA,2018,% sobre a RCL Ajustada,DESPESA TOTAL COM PESSOAL - DTP (VII) = (IIIa + IIIb),3,Q,47.16,dentro do limite
Governo do Estado do Pará,PA,2019,% sobre a RCL Ajustada,DESPESA TOTAL COM PESSOAL - DTP (VII) = (IIIa + IIIb),3,Q,43.52,dentro do limite
Governo do Estado do Paraná,PR,2015,% sobre a RCL,DESPESA TOTAL COM PESSOAL - DTP (V) = (III a + III b),3,Q,46.23,dentro do limite
Governo do Estado do Paraná,PR,2016,% sobre a RCL,DESPESA TOTAL COM PESSOAL - DTP (V) = (III a + III b),3,Q,45.39,dentro do limite
Governo do Estado do Paraná,PR,2017,% sobre a RCL Ajustada,DESPESA TOTAL COM PESSOAL - DTP (VII) = (IIIa + IIIb),3,Q,45.13,dentro do limite
Governo do Estado do Paraná,PR,2018,% sobre a RCL Ajustada,DESPESA TOTAL COM PESSOAL - DTP (VII) = (IIIa + IIIb),3,Q,44.57,dentro do limite
Governo do Estado do Paraná,PR,2019,% sobre a RCL Ajustada,DESPESA TOTAL COM PESSOAL - DTP (VII) = (IIIa + IIIb),3,Q,45.18,dentro do limite
Governo do Estado do Piauí,PI,2015,% sobre a RCL,DESPESA TOTAL COM PESSOAL - DTP (V) = (III a + III b),3,Q,42.7,dentro do limite
Governo do Estado do Piauí,PI,2016,% sobre a RCL,DESPESA TOTAL COM PESSOAL - DTP (V) = (III a + III b),3,Q,41.6,dentro do limite
Governo do Estado do Piauí,PI,2017,% sobre a RCL Ajustada,DESPESA TOTAL COM PESSOAL - DTP (VII) = (IIIa + IIIb),3,Q,47.74,dentro do limite
Governo do Estado do Piauí,PI,2018,% sobre a RCL Ajustada,DESPESA TOTAL COM PESSOAL - DTP (VII) = (IIIa + IIIb),3,Q,48.52,dentro do limite
Governo do Estado do Piauí,PI,2019,% sobre a RCL Ajustada,DESPESA TOTAL COM PESSOAL - DTP (VII) = (IIIa + IIIb),3,Q,48.12,dentro do limite
Governo do Estado do Rio de Janeiro,RJ,2015,% sobre a RCL,DESPESA TOTAL COM PESSOAL - DTP (V) = (III a + III b),3,Q,33.48,dentro do limite
Governo do Estado do Rio de Janeiro,RJ,2016,% sobre a RCL,DESPESA TOTAL COM PESSOAL - DTP (V) = (III a + III b),3,Q,61.73,acima do limite
Governo do Estado do Rio de Janeiro,RJ,2017,% sobre a RCL Ajustada,DESPESA TOTAL COM PESSOAL - DTP (VII) = (IIIa + IIIb),3,Q,57.27,acima do limite
Governo do Estado do Rio de Janeiro,RJ,2018,% sobre a RCL Ajustada,DESPESA TOTAL COM PESSOAL - DTP (VII) = (IIIa + IIIb),3,Q,37.36,dentro do limite
Governo do Estado do Rio de Janeiro,RJ,2019,% sobre a RCL Ajustada,DESPESA TOTAL COM PESSOAL - DTP (VII) = (IIIa + IIIb),3,Q,39.31,dentro do limite
Governo do Estado do Rio Grande do Norte,RN,2015,% sobre a RCL,DESPESA TOTAL COM PESSOAL - DTP (V) = (III a + III b),3,Q,52.53,acima do limite
Governo do Estado do Rio Grande do Norte,RN,2016,% sobre a RCL,DESPESA TOTAL COM PESSOAL - DTP (V) = (III a + III b),3,Q,53.97,acima do limite
Governo do Estado do Rio Grande do Norte,RN,2017,% sobre a RCL Ajustada,DESPESA TOTAL COM PESSOAL - DTP (VII) = (IIIa + IIIb),3,Q,41.23,dentro do limite
Governo do Estado do Rio Grande do Norte,RN,2018,% sobre a RCL Ajustada,DESPESA TOTAL COM PESSOAL - DTP (VII) = (IIIa + IIIb),3,Q,63.49,acima do limite
Governo do Estado do Rio Grande do Norte,RN,2019,% sobre a RCL Ajustada,DESPESA TOTAL COM PESSOAL - DTP (VII) = (IIIa + IIIb),3,Q,60.56,acima do limite
Governo do Estado do Rio Grande do Sul,RS,2015,% sobre a RCL,DESPESA TOTAL COM PESSOAL - DTP (V) = (III a + III b),3,Q,49.18,acima do limite
Governo do Estado do Rio Grande do Sul,RS,2016,% sobre a RCL,DESPESA TOTAL COM PESSOAL - DTP (V) = (III a + III b),3,Q,44.1,dentro do limite
Governo do Estado do Rio Grande do Sul,RS,2017,% sobre a RCL Ajustada,DESPESA TOTAL COM PESSOAL - DTP (VII) = (IIIa + IIIb),3,Q,46.54,dentro do limite
Governo do Estado do Rio Grande do Sul,RS,2018,% sobre a RCL Ajustada,DESPESA TOTAL COM PESSOAL - DTP (VII) = (IIIa + IIIb),3,Q,46.59,dentro do limite
Governo do Estado do Rio Grande do Sul,RS,2019,% sobre a RCL Ajustada,DESPESA TOTAL COM PESSOAL - DTP (VII) = (IIIa + IIIb),3,Q,45.6,dentro do limite
Governo do Estado do Tocantins,TO,2015,% sobre a RCL,DESPESA TOTAL COM PESSOAL - DTP (V) = (III a + III b),3,Q,52.28,acima do limite
Governo do Estado do Tocantins,TO,2016,% sobre a RCL,DESPESA TOTAL COM PESSOAL - DTP (V) = (III a + III b),3,Q,48.34,dentro do limite
Governo do Estado do Tocantins,TO,2017,% sobre a RCL Ajustada,DESPESA TOTAL COM PESSOAL - DTP (VII) = (IIIa + IIIb),3,Q,54.99,acima do limite
Governo do Estado do Tocantins,TO,2018,% sobre a RCL Ajustada,DESPESA TOTAL COM PESSOAL - DTP (VII) = (IIIa + IIIb),3,Q,57.89,acima do limite
Governo do Estado do Tocantins,TO,2019,% sobre a RCL Ajustada,DESPESA TOTAL COM PESSOAL - DTP (VII) = (IIIa + IIIb),3,Q,46.92,dentro do limite
Governo do Distrito Federal,DF,2015,DESPESAS LIQUIDADAS ATÉ O BIMESTRE / 2015,Resultado Previdenciário,6,B,1170905705.68,superavitário
Governo do Distrito Federal,DF,2016,DESPESAS LIQUIDADAS ATÉ O BIMESTRE / 2016,Resultado Previdenciário,6,B,-1824707663.97,deficitário
Governo do Distrito Federal,DF,2017,DESPESAS LIQUIDADAS ATÉ O BIMESTRE / 2017,Resultado Previdenciário,6,B,-546258761.99,deficitário
Governo do Distrito Federal,DF,2018,DESPESAS LIQUIDADAS ATÉ O BIMESTRE / 2018,Resultado Previdenciário,6,B,-172948539.24,deficitário
Governo do Distrito Federal,DF,2019,DESPESAS LIQUIDADAS ATÉ O BIMESTRE / 2019,Resultado Previdenciário,6,B,-266984067.39999998,deficitário
Governo do Estado da Bahia,BA,2015,DESPESAS LIQUIDADAS ATÉ O BIMESTRE / 2015,Resultado Previdenciário,6,B,-1423151220.69,deficitário
Governo do Estado da Bahia,BA,2016,Até o Bimestre / 2016,Resultado Previdenciário,6,B,-1716330109.98,deficitário
Governo do Estado da Bahia,BA,2017,DESPESAS LIQUIDADAS ATÉ O BIMESTRE / 2017,Resultado Previdenciário,6,B,-2596454148.2799997,deficitário
Governo do Estado da Bahia,BA,2018,DESPESAS LIQUIDADAS ATÉ O BIMESTRE / 2018,Resultado Previdenciário,6,B,-3254378300.77,deficitário
Governo do Estado da Bahia,BA,2019,DESPESAS LIQUIDADAS ATÉ O BIMESTRE / 2019,Resultado Previdenciário,6,B,-3299259011.88,deficitário
Governo do Estado da Paraíba,PB,2015,DESPESAS LIQUIDADAS ATÉ O BIMESTRE / 2015,Resultado Previdenciário,6,B,-962885899.74,deficitário
Governo do Estado da Paraíba,PB,2016,DESPESAS LIQUIDADAS ATÉ O BIMESTRE / 2016,Resultado Previdenciário,6,B,-1056530742.8000001,deficitário
Governo do Estado da Paraíba,PB,2017,DESPESAS LIQUIDADAS ATÉ O BIMESTRE / 2017,Resultado Previdenciário,6,B,-1211741213.16,deficitário
Governo do Estado da Paraíba,PB,2018,DESPESAS LIQUIDADAS ATÉ O BIMESTRE / 2018,Resultado Previdenciário,6,B,-1302820643.2099998,deficitário
Governo do Estado da Paraíba,PB,2019,DESPESAS LIQUIDADAS ATÉ O BIMESTRE / 2019,Resultado Previdenciário,6,B,-1347986048.1799998,deficitário
Governo do Estado de Alagoas,AL,2015,DESPESAS LIQUIDADAS ATÉ O BIMESTRE / 2015,Resultado Previdenciário,6,B,-535118772.57,deficitário
Governo do Estado de Alagoas,AL,2016,DESPESAS LIQUIDADAS ATÉ O BIMESTRE / 2016,Resultado Previdenciário,6,B,-694224484.0699999,deficitário
Governo do Estado de Alagoas,AL,2017,DESPESAS LIQUIDADAS ATÉ O BIMESTRE / 2017,Resultado Previdenciário,6,B,-971703738.45,deficitário
Governo do Estado de Alagoas,AL,2018,DESPESAS LIQUIDADAS ATÉ O BIMESTRE / 2018,Resultado Previdenciário,6,B,-1196288235.16,deficitário
Governo do Estado de Alagoas,AL,2019,DESPESAS LIQUIDADAS ATÉ O BIMESTRE / 2019,Resultado Previdenciário,6,B,-974779986.7800001,deficitário
Governo do Estado de Goiás,GO,2015,DESPESAS LIQUIDADAS ATÉ O BIMESTRE / 2015,Resultado Previdenciário,6,B,-1471199383.08,deficitário
Governo do Estado de Goiás,GO,2016,DESPESAS LIQUIDADAS ATÉ O BIMESTRE / 2016,Resultado Previdenciário,6,B,-1735402111.4299998,deficitário
Governo do Estado de Goiás,GO,2017,DESPESAS LIQUIDADAS ATÉ O BIMESTRE / 2017,Resultado Previdenciário,6,B,-2235890220.33,deficitário
Governo do Estado de Goiás,GO,2018,DESPESAS LIQUIDADAS ATÉ O BIMESTRE / 2018,Resultado Previdenciário,6,B,-2404910913.33,deficitário
Governo do Estado de Goiás,GO,2019,DESPESAS LIQUIDADAS ATÉ O BIMESTRE / 2019,Resultado Previdenciário,6,B,-2913216157.13,deficitário
Governo do Estado de Minas Gerais,MG,2015,DESPESAS LIQUIDADAS ATÉ O BIMESTRE / 2015,Resultado Previdenciário,6,B,-8835463135.18,deficitário
Governo do Estado de Minas Gerais,MG,2016,DESPESAS LIQUIDADAS ATÉ O BIMESTRE / 2016,Resultado Previdenciário,6,B,-14840071881.16,deficitário
Governo do Estado de Minas Gerais,MG,2017,DESPESAS LIQUIDADAS ATÉ O BIMESTRE / 2017,Resultado Previdenciário,6,B,-16469771305.29,deficitário
Governo do Estado de Minas Gerais,MG,2018,DESPESAS LIQUIDADAS ATÉ O BIMESTRE / 2018,Resultado Previdenciário,6,B,-17282986644.28,deficitário
Governo do Estado de Minas Gerais,MG,2019,DESPESAS LIQUIDADAS ATÉ O BIMESTRE / 2019,Resultado Previdenciário,6,B,-18620693583.73,deficitário
Governo do Estado de Pernambuco,PE,2015,DESPESAS LIQUIDADAS ATÉ O BIMESTRE / 2015,Resultado Previdenciário,6,B,-841413480.61,deficitário
Governo do Estado de Pernambuco,PE,2016,DESPESAS LIQUIDADAS ATÉ O BIMESTRE / 2016,Resultado Previdenciário,6,B,-99946314.62,deficitário
Governo do Estado de Pernambuco,PE,2017,DESPESAS LIQUIDADAS ATÉ O BIMESTRE / 2017,Resultado Previdenciário,6,B,-2492510585.71,deficitário
Governo do Estado de Pernambuco,PE,2018,DESPESAS LIQUIDADAS ATÉ O BIMESTRE / 2018,Resultado Previdenciário,6,B,-2602445952.19,deficitário
Governo do Estado de Pernambuco,PE,2019,DESPESAS LIQUIDADAS ATÉ O BIMESTRE / 2019,Resultado Previdenciário,6,B,-3039029996.35,deficitário
Governo do Estado de Rondônia,RO,2015,DESPESAS LIQUIDADAS ATÉ O BIMESTRE / 2015,Resultado Previdenciário,6,B,311939492.49,superavitário
Governo do Estado de Rondônia,RO,2016,DESPESAS LIQUIDADAS ATÉ O BIMESTRE / 2016,Resultado Previdenciário,6,B,333746694.17,superavitário
Governo do Estado de Rondônia,RO,2017,DESPESAS LIQUIDADAS ATÉ O BIMESTRE / 2017,Resultado Previdenciário,6,B,210420616.76,superavitário
Governo do Estado de Rondônia,RO,2018,DESPESAS LIQUIDADAS ATÉ O BIMESTRE / 2018,Resultado Previdenciário,6,B,144908951.8,superavitário
Governo do Estado de Rondônia,RO,2019,DESPESAS LIQUIDADAS ATÉ O BIMESTRE / 2019,Resultado Previdenciário,6,B,199649619.79,superavitário
Governo do Estado de Roraima,RR,2015,DESPESAS LIQUIDADAS ATÉ O BIMESTRE / 2015,Resultado Previdenciário,6,B,359065975.29,superavitário
Governo do Estado de Roraima,RR,2016,DESPESAS LIQUIDADAS ATÉ O BIMESTRE / 2016,Resultado Previdenciário,6,B,381285916.81,superavitário
Governo do Estado de Roraima,RR,2017,DESPESAS LIQUIDADAS ATÉ O BIMESTRE / 2017,Resultado Previdenciário,6,B,380620845.61,superavitário
Governo do Estado de Roraima,RR,2018,DESPESAS LIQUIDADAS ATÉ O BIMESTRE / 2018,Resultado Previdenciário,6,B,290547305.86,superavitário
Governo do Estado de Roraima,RR,2019,DESPESAS LIQUIDADAS ATÉ O BIMESTRE / 2019,Resultado Previdenciário,6,B,1405765165.76,superavitário
Governo do Estado de Santa Catarina,SC,2015,DESPESAS LIQUIDADAS ATÉ O BIMESTRE / 2015,Resultado Previdenciário,6,B,-3127750768.4,deficitário
Governo do Estado de Santa Catarina,SC,2016,DESPESAS LIQUIDADAS ATÉ O BIMESTRE / 2016,Resultado Previdenciário,6,B,-3505496190.07,deficitário
Governo do Estado de Santa Catarina,SC,2017,DESPESAS LIQUIDADAS ATÉ O BIMESTRE / 2017,Resultado Previdenciário,6,B,-3644285559.61,deficitário
Governo do Estado de Santa Catarina,SC,2018,DESPESAS LIQUIDADAS ATÉ O BIMESTRE / 2018,Resultado Previdenciário,6,B,-3790809313.07,deficitário
Governo do Estado de Santa Catarina,SC,2019,DESPESAS LIQUIDADAS ATÉ O BIMESTRE / 2019,Resultado Previdenciário,6,B,-4102892179.44,deficitário
Governo do Estado de São Paulo,SP,2015,DESPESAS LIQUIDADAS ATÉ O BIMESTRE / 2015,Resultado Previdenciário,6,B,15818520.72,superavitário
Governo do Estado de São Paulo,SP,2016,DESPESAS LIQUIDADAS ATÉ O BIMESTRE / 2016,Resultado Previdenciário,6,B,2761951.81,superavitário
Governo do Estado de São Paulo,SP,2017,DESPESAS LIQUIDADAS ATÉ O BIMESTRE / 2017,Resultado Previdenciário,6,B,-17979627041.83,deficitário
Governo do Estado de São Paulo,SP,2018,DESPESAS LIQUIDADAS ATÉ O BIMESTRE / 2018,Resultado Previdenciário,6,B,-19755406639.68,deficitário
Governo do Estado de São Paulo,SP,2019,DESPESAS LIQUIDADAS ATÉ O BIMESTRE / 2019,Resultado Previdenciário,6,B,-22049254493.25,deficitário
Governo do Estado de Sergipe,SE,2015,DESPESAS LIQUIDADAS ATÉ O BIMESTRE / 2015,Resultado Previdenciário,6,B,-789984649.71,deficitário
Governo do Estado de Sergipe,SE,2016,DESPESAS LIQUIDADAS ATÉ O BIMESTRE / 2016,Resultado Previdenciário,6,B,-671016888.39,deficitário
Governo do Estado de Sergipe,SE,2017,DESPESAS LIQUIDADAS ATÉ O BIMESTRE / 2017,Resultado Previdenciário,6,B,-1052851376.6999999,deficitário
Governo do Estado de Sergipe,SE,2018,DESPESAS LIQUIDADAS ATÉ O BIMESTRE / 2018,Resultado Previdenciário,6,B,-842635908.84,deficitário
Governo do Estado de Sergipe,SE,2019,DESPESAS LIQUIDADAS ATÉ O BIMESTRE / 2019,Resultado Previdenciário,6,B,-1315795685.37,deficitário
Governo do Estado do Acre,AC,2015,DESPESAS LIQUIDADAS ATÉ O BIMESTRE / 2015,Resultado Previdenciário,6,B,-118422777.34,deficitário
Governo do Estado do Acre,AC,2016,DESPESAS LIQUIDADAS ATÉ O BIMESTRE / 2016,Resultado Previdenciário,6,B,-83763748.01,deficitário
Governo do Estado do Acre,AC,2017,DESPESAS LIQUIDADAS ATÉ O BIMESTRE / 2017,Resultado Previdenciário,6,B,-5078192.38,deficitário
Governo do Estado do Acre,AC,2018,DESPESAS LIQUIDADAS ATÉ O BIMESTRE / 2018,Resultado Previdenciário,6,B,-2957576.58,deficitário
Governo do Estado do Acre,AC,2019,DESPESAS LIQUIDADAS ATÉ O BIMESTRE / 2019,Resultado Previdenciário,6,B,-543360995.89,deficitário
Governo do Estado do Amapá,AP,2015,DESPESAS LIQUIDADAS ATÉ O BIMESTRE / 2015,Resultado Previdenciário,6,B,425187729.59,superavitário
Governo do Estado do Amapá,AP,2016,DESPESAS LIQUIDADAS ATÉ O BIMESTRE / 2016,Resultado Previdenciário,6,B,680631441.96,superavitário
Governo do Estado do Amapá,AP,2017,DESPESAS LIQUIDADAS ATÉ O BIMESTRE / 2017,Resultado Previdenciário,6,B,458863753.26,superavitário
Governo do Estado do Amapá,AP,2018,DESPESAS LIQUIDADAS ATÉ O BIMESTRE / 2018,Resultado Previdenciário,6,B,561909544.54,superavitário
Governo do Estado do Amapá,AP,2019,DESPESAS LIQUIDADAS ATÉ O BIMESTRE / 2019,Resultado Previdenciário,6,B,933854058.11,superavitário
Governo do Estado do Amazonas,AM,2015,DESPESAS LIQUIDADAS ATÉ O BIMESTRE / 2015,Resultado Previdenciário,6,B,-415521729.82,deficitário
Governo do Estado do Amazonas,AM,2016,DESPESAS LIQUIDADAS ATÉ O BIMESTRE / 2016,Resultado Previdenciário,6,B,-384712600.54,deficitário
Governo do Estado do Amazonas,AM,2017,DESPESAS LIQUIDADAS ATÉ O BIMESTRE / 2017,Resultado Previdenciário,6,B,-653087269.59,deficitário
Governo do Estado do Amazonas,AM,2018,DESPESAS LIQUIDADAS ATÉ O BIMESTRE / 2018,Resultado Previdenciário,6,B,-532113346.98,deficitário
Governo do Estado do Amazonas,AM,2019,DESPESAS LIQUIDADAS ATÉ O BIMESTRE / 2019,Resultado Previdenciário,6,B,-810116623.8299999,deficitário
Governo do Estado do Ceará,CE,2015,DESPESAS LIQUIDADAS ATÉ O BIMESTRE / 2015,Resultado Previdenciário,6,B,-1233614279.04,deficitário
Governo do Estado do Ceará,CE,2016,DESPESAS LIQUIDADAS ATÉ O BIMESTRE / 2016,Resultado Previdenciário,6,B,-1253436582.04,deficitário
Governo do Estado do Ceará,CE,2017,DESPESAS LIQUIDADAS ATÉ O BIMESTRE / 2017,Resultado Previdenciário,6,B,-1372853479.06,deficitário
Governo do Estado do Ceará,CE,2018,DESPESAS LIQUIDADAS ATÉ O BIMESTRE / 2018,Resultado Previdenciário,6,B,-1330657356.23,deficitário
Governo do Estado do Ceará,CE,2019,DESPESAS LIQUIDADAS ATÉ O BIMESTRE / 2019,Resultado Previdenciário,6,B,-1107541846.56,deficitário
Governo do Estado do Espírito Santo,ES,2015,DESPESAS LIQUIDADAS ATÉ O BIMESTRE / 2015,Resultado Previdenciário,6,B,-1020911872.82,deficitário
Governo do Estado do Espírito Santo,ES,2016,DESPESAS LIQUIDADAS ATÉ O BIMESTRE / 2016,Resultado Previdenciário,6,B,-1036037958.9300001,deficitário
Governo do Estado do Espírito Santo,ES,2017,DESPESAS LIQUIDADAS ATÉ O BIMESTRE / 2017,Resultado Previdenciário,6,B,-1312189327.05,deficitário
Governo do Estado do Espírito Santo,ES,2018,DESPESAS LIQUIDADAS ATÉ O BIMESTRE / 2018,Resultado Previdenciário,6,B,-1576315177.98,deficitário
Governo do Estado do Espírito Santo,ES,2019,DESPESAS LIQUIDADAS ATÉ O BIMESTRE / 2019,Resultado Previdenciário,6,B,-1523484777.44,deficitário
Governo do Estado do Maranhão,MA,2015,DESPESAS LIQUIDADAS ATÉ O BIMESTRE / 2015,Resultado Previdenciário,6,B,-98283634.2,deficitário
Governo do Estado do Maranhão,MA,2016,DESPESAS LIQUIDADAS ATÉ O BIMESTRE / 2016,Resultado Previdenciário,6,B,-712374915.54,deficitário
Governo do Estado do Maranhão,MA,2017,DESPESAS LIQUIDADAS ATÉ O BIMESTRE / 2017,Resultado Previdenciário,6,B,-1092203979.17,deficitário
Governo do Estado do Maranhão,MA,2018,DESPESAS LIQUIDADAS ATÉ O BIMESTRE / 2018,Resultado Previdenciário,6,B,-1144863235.8899999,deficitário
Governo do Estado do Maranhão,MA,2019,DESPESAS LIQUIDADAS ATÉ O BIMESTRE / 2019,Resultado Previdenciário,6,B,-1005818430.25,deficitário
Governo do Estado do Mato Grosso,MT,2015,DESPESAS LIQUIDADAS ATÉ O BIMESTRE / 2015,Resultado Previdenciário,6,B,-735432917.92,deficitário
Governo do Estado do Mato Grosso,MT,2016,DESPESAS LIQUIDADAS ATÉ O BIMESTRE / 2016,Resultado Previdenciário,6,B,-810729809,deficitário
Governo do Estado do Mato Grosso,MT,2017,DESPESAS LIQUIDADAS ATÉ O BIMESTRE / 2017,Resultado Previdenciário,6,B,-1236748613.82,deficitário
Governo do Estado do Mato Grosso,MT,2018,DESPESAS LIQUIDADAS ATÉ O BIMESTRE / 2018,Resultado Previdenciário,6,B,-1007955196.61,deficitário
Governo do Estado do Mato Grosso,MT,2019,DESPESAS LIQUIDADAS ATÉ O BIMESTRE / 2019,Resultado Previdenciário,6,B,-299293151.59,deficitário
Governo do Estado do Mato Grosso do Sul,MS,2015,DESPESAS LIQUIDADAS ATÉ O BIMESTRE / 2015,Resultado Previdenciário,6,B,-1127014439.68,deficitário
Governo do Estado do Mato Grosso do Sul,MS,2016,DESPESAS LIQUIDADAS ATÉ O BIMESTRE / 2016,Resultado Previdenciário,6,B,-1171348414.4199998,deficitário
Governo do Estado do Mato Grosso do Sul,MS,2017,DESPESAS LIQUIDADAS ATÉ O BIMESTRE / 2017,Resultado Previdenciário,6,B,-859748735.96,deficitário
Governo do Estado do Mato Grosso do Sul,MS,2018,DESPESAS LIQUIDADAS ATÉ O BIMESTRE / 2018,Resultado Previdenciário,6,B,-625587989.11,deficitário
Governo do Estado do Mato Grosso do Sul,MS,2019,DESPESAS LIQUIDADAS ATÉ O BIMESTRE / 2019,Resultado Previdenciário,6,B,-1214624754.82,deficitário
Governo do Estado do Pará,PA,2015,DESPESAS LIQUIDADAS ATÉ O BIMESTRE / 2015,Resultado Previdenciário,6,B,-1290173944.04,deficitário
Governo do Estado do Pará,PA,2016,DESPESAS LIQUIDADAS ATÉ O BIMESTRE / 2016,Resultado Previdenciário,6,B,-956224947.9800003,deficitário
Governo do Estado do Pará,PA,2017,DESPESAS LIQUIDADAS ATÉ O BIMESTRE / 2017,Resultado Previdenciário,6,B,-869459440.9599999,deficitário
Governo do Estado do Pará,PA,2018,DESPESAS LIQUIDADAS ATÉ O BIMESTRE / 2018,Resultado Previdenciário,6,B,-990871377.4899999,deficitário
Governo do Estado do Pará,PA,2019,DESPESAS LIQUIDADAS ATÉ O BIMESTRE / 2019,Resultado Previdenciário,6,B,-1143880693.25,deficitário
Governo do Estado do Paraná,PR,2015,DESPESAS LIQUIDADAS ATÉ O BIMESTRE / 2015,Resultado Previdenciário,6,B,-420366888.98,deficitário
Governo do Estado do Paraná,PR,2016,DESPESAS LIQUIDADAS ATÉ O BIMESTRE / 2016,Resultado Previdenciário,6,B,-342001260.68,deficitário
Governo do Estado do Paraná,PR,2017,DESPESAS LIQUIDADAS ATÉ O BIMESTRE / 2017,Resultado Previdenciário,6,B,-544416591.77,deficitário
Governo do Estado do Paraná,PR,2018,DESPESAS LIQUIDADAS ATÉ O BIMESTRE / 2018,Resultado Previdenciário,6,B,-5006266618.879999,deficitário
Governo do Estado do Paraná,PR,2019,DESPESAS LIQUIDADAS ATÉ O BIMESTRE / 2019,Resultado Previdenciário,6,B,-6040145592.05,deficitário
Governo do Estado do Piauí,PI,2015,DESPESAS LIQUIDADAS ATÉ O BIMESTRE / 2015,Resultado Previdenciário,6,B,-565334350.25,deficitário
Governo do Estado do Piauí,PI,2016,DESPESAS LIQUIDADAS ATÉ O BIMESTRE / 2016,Resultado Previdenciário,6,B,-347199415.20000005,deficitário
Governo do Estado do Piauí,PI,2017,DESPESAS LIQUIDADAS ATÉ O BIMESTRE / 2017,Resultado Previdenciário,6,B,-305371749.85999995,deficitário
Governo do Estado do Piauí,PI,2018,DESPESAS LIQUIDADAS ATÉ O BIMESTRE / 2018,Resultado Previdenciário,6,B,-469545266.29,deficitário
Governo do Estado do Piauí,PI,2019,DESPESAS LIQUIDADAS ATÉ O BIMESTRE / 2019,Resultado Previdenciário,6,B,-1530210384.75,deficitário
Governo do Estado do Rio de Janeiro,RJ,2015,DESPESAS LIQUIDADAS ATÉ O BIMESTRE / 2015,Resultado Previdenciário,6,B,-878058129.93,deficitário
Governo do Estado do Rio de Janeiro,RJ,2016,DESPESAS LIQUIDADAS ATÉ O BIMESTRE / 2016,Resultado Previdenciário,6,B,-11345982253,deficitário
Governo do Estado do Rio de Janeiro,RJ,2017,DESPESAS LIQUIDADAS ATÉ O BIMESTRE / 2017,Resultado Previdenciário,6,B,-10714555811,deficitário
Governo do Estado do Rio de Janeiro,RJ,2018,DESPESAS LIQUIDADAS ATÉ O BIMESTRE / 2018,Resultado Previdenciário,6,B,-1745469287,deficitário
Governo do Estado do Rio de Janeiro,RJ,2019,DESPESAS LIQUIDADAS ATÉ O BIMESTRE / 2019,Resultado Previdenciário,6,B,-1947653588,deficitário
Governo do Estado do Rio Grande do Norte,RN,2015,Até o Bimestre / 2015,Resultado Previdenciário,6,B,-1783866425.28,deficitário
Governo do Estado do Rio Grande do Norte,RN,2016,DESPESAS LIQUIDADAS ATÉ O BIMESTRE / 2016,Resultado Previdenciário,6,B,-1470214480.36,deficitário
Governo do Estado do Rio Grande do Norte,RN,2017,DESPESAS LIQUIDADAS ATÉ O BIMESTRE / 2017,Resultado Previdenciário,6,B,-1714666817.88,deficitário
Governo do Estado do Rio Grande do Norte,RN,2019,DESPESAS LIQUIDADAS ATÉ O BIMESTRE / 2019,Resultado Previdenciário,6,B,-2988001559.45,deficitário
Governo do Estado do Rio Grande do Sul,RS,2015,DESPESAS LIQUIDADAS ATÉ O BIMESTRE / 2015,Resultado Previdenciário,6,B,-8472744894.5,deficitário
Governo do Estado do Rio Grande do Sul,RS,2016,DESPESAS LIQUIDADAS ATÉ O BIMESTRE / 2016,Resultado Previdenciário,6,B,-8568833247.869999,deficitário
Governo do Estado do Rio Grande do Sul,RS,2017,DESPESAS LIQUIDADAS ATÉ O BIMESTRE / 2017,Resultado Previdenciário,6,B,-10111635984,deficitário
Governo do Estado do Rio Grande do Sul,RS,2018,DESPESAS LIQUIDADAS ATÉ O BIMESTRE / 2018,Resultado Previdenciário,6,B,-11094106445.69,deficitário
Governo do Estado do Rio Grande do Sul,RS,2019,DESPESAS LIQUIDADAS ATÉ O BIMESTRE / 2019,Resultado Previdenciário,6,B,-11641229997.01,deficitário
Governo do Estado do Tocantins,TO,2015,DESPESAS LIQUIDADAS ATÉ O BIMESTRE / 2015,Resultado Previdenciário,6,B,532999179.89,superavitário
Governo do Estado do Tocantins,TO,2016,DESPESAS LIQUIDADAS ATÉ O BIMESTRE / 2016,Resultado Previdenciário,6,B,690676839.77,superavitário
Governo do Estado do Tocantins,TO,2017,DESPESAS LIQUIDADAS ATÉ O BIMESTRE / 2017,Resultado Previdenciário,6,B,313811988.71000004,superavitário
Governo do Estado do Tocantins,TO,2018,DESPESAS LIQUIDADAS ATÉ O BIMESTRE / 2018,Resultado Previdenciário,6,B,-427358746.99,deficitário
Governo do Estado do Tocantins,TO,2019,DESPESAS LIQUIDADAS ATÉ O BIMESTRE / 2019,Resultado Previdenciário,6,B,-200766401.22999996,deficitário
Governo do Estado do Rio Grande do Norte,RN,2018,Exercício,Resultado Previdenciário,6,B,-2191788909.98,deficitário
Governo do Distrito Federal,DF,2015,TOTAL (ÚLTIMOS 12 MESES),RECEITAS CORRENTES (I),6,B,22012894484.09,rcl
Governo do Distrito Federal,DF,2016,TOTAL (ÚLTIMOS 12 MESES),RECEITAS CORRENTES (I),6,B,23476887981.1,rcl
Governo do Distrito Federal,DF,2017,TOTAL (ÚLTIMOS 12 MESES),RECEITAS CORRENTES (I),6,B,24247200079.89,rcl
Governo do Distrito Federal,DF,2018,TOTAL (ÚLTIMOS 12 MESES),RECEITAS CORRENTES (I),6,B,25965833719.84,rcl
Governo do Distrito Federal,DF,2019,TOTAL (ÚLTIMOS 12 MESES),RECEITAS CORRENTES (I),6,B,26561148674.3,rcl
Governo do Estado da Bahia,BA,2015,TOTAL (ÚLTIMOS 12 MESES),RECEITAS CORRENTES (I),6,B,39120540383.65,rcl
Governo do Estado da Bahia,BA,2016,TOTAL (ÚLTIMOS 12 MESES),RECEITAS CORRENTES (I),6,B,41564552710.16,rcl
Governo do Estado da Bahia,BA,2017,TOTAL (ÚLTIMOS 12 MESES),RECEITAS CORRENTES (I),6,B,43383943973.18,rcl
Governo do Estado da Bahia,BA,2018,TOTAL (ÚLTIMOS 12 MESES),RECEITAS CORRENTES (I),6,B,46688119436.52,rcl
Governo do Estado da Bahia,BA,2019,TOTAL (ÚLTIMOS 12 MESES),RECEITAS CORRENTES (I),6,B,50190853897.42,rcl
Governo do Estado da Paraíba,PB,2015,TOTAL (ÚLTIMOS 12 MESES),RECEITAS CORRENTES (I),6,B,10923391637.36,rcl
Governo do Estado da Paraíba,PB,2016,TOTAL (ÚLTIMOS 12 MESES),RECEITAS CORRENTES (I),6,B,12048713952.92,rcl
Governo do Estado da Paraíba,PB,2017,TOTAL (ÚLTIMOS 12 MESES),RECEITAS CORRENTES (I),6,B,12447547195.82,rcl
Governo do Estado da Paraíba,PB,2018,TOTAL (ÚLTIMOS 12 MESES),RECEITAS CORRENTES (I),6,B,13180639413.73,rcl
Governo do Estado da Paraíba,PB,2019,TOTAL (ÚLTIMOS 12 MESES),RECEITAS CORRENTES (I),6,B,14032993449.4,rcl
Governo do Estado de Alagoas,AL,2015,TOTAL (ÚLTIMOS 12 MESES),RECEITAS CORRENTES (I),6,B,8414642815.01,rcl
Governo do Estado de Alagoas,AL,2016,TOTAL (ÚLTIMOS 12 MESES),RECEITAS CORRENTES (I),6,B,10358251944.87,rcl
Governo do Estado de Alagoas,AL,2017,TOTAL (ÚLTIMOS 12 MESES),RECEITAS CORRENTES (I),6,B,10002876960.63,rcl
Governo do Estado de Alagoas,AL,2018,TOTAL (ÚLTIMOS 12 MESES),RECEITAS CORRENTES (I),6,B,10844558280.62,rcl
Governo do Estado de Alagoas,AL,2019,TOTAL (ÚLTIMOS 12 MESES),RECEITAS CORRENTES (I),6,B,11636612046.69,rcl
Governo do Estado de Goiás,GO,2015,TOTAL (ÚLTIMOS 12 MESES),RECEITAS CORRENTES (I),6,B,24516545649.64,rcl
Governo do Estado de Goiás,GO,2016,TOTAL (ÚLTIMOS 12 MESES),RECEITAS CORRENTES (I),6,B,26866865483.11,rcl
Governo do Estado de Goiás,GO,2017,TOTAL (ÚLTIMOS 12 MESES),RECEITAS CORRENTES (I),6,B,29000910543.2,rcl
Governo do Estado de Goiás,GO,2018,TOTAL (ÚLTIMOS 12 MESES),RECEITAS CORRENTES (I),6,B,29819897068.66,rcl
Governo do Estado de Goiás,GO,2019,TOTAL (ÚLTIMOS 12 MESES),RECEITAS CORRENTES (I),6,B,33867173152.74,rcl
Governo do Estado de Minas Gerais,MG,2015,TOTAL (ÚLTIMOS 12 MESES),RECEITAS CORRENTES (I),6,B,72598261414.69,rcl
Governo do Estado de Minas Gerais,MG,2016,TOTAL (ÚLTIMOS 12 MESES),RECEITAS CORRENTES (I),6,B,76501661154.34,rcl
Governo do Estado de Minas Gerais,MG,2017,TOTAL (ÚLTIMOS 12 MESES),RECEITAS CORRENTES (I),6,B,80099450956.13,rcl
Governo do Estado de Minas Gerais,MG,2018,TOTAL (ÚLTIMOS 12 MESES),RECEITAS CORRENTES (I),6,B,82783247814.46,rcl
Governo do Estado de Minas Gerais,MG,2019,TOTAL (ÚLTIMOS 12 MESES),RECEITAS CORRENTES (I),6,B,91938813507.94,rcl
Governo do Estado de Pernambuco,PE,2015,TOTAL (ÚLTIMOS 12 MESES),RECEITAS CORRENTES (I),6,B,27276061128.29,rcl
Governo do Estado de Pernambuco,PE,2016,TOTAL (ÚLTIMOS 12 MESES),RECEITAS CORRENTES (I),6,B,29016927834.88,rcl
Governo do Estado de Pernambuco,PE,2017,TOTAL (ÚLTIMOS 12 MESES),RECEITAS CORRENTES (I),6,B,30110287512.08,rcl
Governo do Estado de Pernambuco,PE,2018,TOTAL (ÚLTIMOS 12 MESES),RECEITAS CORRENTES (I),6,B,32461308367.4,rcl
Governo do Estado de Pernambuco,PE,2019,TOTAL (ÚLTIMOS 12 MESES),RECEITAS CORRENTES (I),6,B,35547429213.88,rcl
Governo do Estado de Rondônia,RO,2015,TOTAL (ÚLTIMOS 12 MESES),RECEITAS CORRENTES (I),6,B,7963061441.65,rcl
Governo do Estado de Rondônia,RO,2016,TOTAL (ÚLTIMOS 12 MESES),RECEITAS CORRENTES (I),6,B,8726454251.92,rcl
Governo do Estado de Rondônia,RO,2017,TOTAL (ÚLTIMOS 12 MESES),RECEITAS CORRENTES (I),6,B,8772632256.67,rcl
Governo do Estado de Rondônia,RO,2018,TOTAL (ÚLTIMOS 12 MESES),RECEITAS CORRENTES (I),6,B,9434649066.48,rcl
Governo do Estado de Rondônia,RO,2019,TOTAL (ÚLTIMOS 12 MESES),RECEITAS CORRENTES (I),6,B,10512357129.42,rcl
Governo do Estado de Roraima,RR,2015,TOTAL (ÚLTIMOS 12 MESES),RECEITAS CORRENTES (I),6,B,3571312786.64,rcl
Governo do Estado de Roraima,RR,2016,TOTAL (ÚLTIMOS 12 MESES),RECEITAS CORRENTES (I),6,B,4204180323.98,rcl
Governo do Estado de Roraima,RR,2017,TOTAL (ÚLTIMOS 12 MESES),RECEITAS CORRENTES (I),6,B,4047834464.65,rcl
Governo do Estado de Roraima,RR,2018,TOTAL (ÚLTIMOS 12 MESES),RECEITAS CORRENTES (I),6,B,4453068841.23,rcl
Governo do Estado de Roraima,RR,2019,TOTAL (ÚLTIMOS 12 MESES),RECEITAS CORRENTES (I),6,B,5340037472.37,rcl
Governo do Estado de Santa Catarina,SC,2015,TOTAL (ÚLTIMOS 12 MESES),RECEITAS CORRENTES (I),6,B,27990962488.97,rcl
Governo do Estado de Santa Catarina,SC,2016,TOTAL (ÚLTIMOS 12 MESES),RECEITAS CORRENTES (I),6,B,29704606764.79,rcl
Governo do Estado de Santa Catarina,SC,2017,TOTAL (ÚLTIMOS 12 MESES),RECEITAS CORRENTES (I),6,B,31292333683.98,rcl
Governo do Estado de Santa Catarina,SC,2018,TOTAL (ÚLTIMOS 12 MESES),RECEITAS CORRENTES (I),6,B,33870015779.2,rcl
Governo do Estado de Santa Catarina,SC,2019,TOTAL (ÚLTIMOS 12 MESES),RECEITAS CORRENTES (I),6,B,37294234027.39,rcl
Governo do Estado de São Paulo,SP,2015,TOTAL (ÚLTIMOS 12 MESES),RECEITAS CORRENTES (I),6,B,184033812806.03,rcl
Governo do Estado de São Paulo,SP,2016,TOTAL (ÚLTIMOS 12 MESES),RECEITAS CORRENTES (I),6,B,184208379552.26,rcl
Governo do Estado de São Paulo,SP,2017,TOTAL (ÚLTIMOS 12 MESES),RECEITAS CORRENTES (I),6,B,197405160958.91,rcl
Governo do Estado de São Paulo,SP,2018,TOTAL (ÚLTIMOS 12 MESES),RECEITAS CORRENTES (I),6,B,207405896367.54,rcl
Governo do Estado de São Paulo,SP,2019,TOTAL (ÚLTIMOS 12 MESES),RECEITAS CORRENTES (I),6,B,219652005293.88,rcl
Governo do Estado de Sergipe,SE,2015,TOTAL (ÚLTIMOS 12 MESES),RECEITAS CORRENTES (I),6,B,8537815613.05,rcl
Governo do Estado de Sergipe,SE,2016,TOTAL (ÚLTIMOS 12 MESES),RECEITAS CORRENTES (I),6,B,9143992037.2,rcl
Governo do Estado de Sergipe,SE,2017,TOTAL (ÚLTIMOS 12 MESES),RECEITAS CORRENTES (I),6,B,9267883260.67,rcl
Governo do Estado de Sergipe,SE,2018,TOTAL (ÚLTIMOS 12 MESES),RECEITAS CORRENTES (I),6,B,10001085294.49,rcl
Governo do Estado de Sergipe,SE,2019,TOTAL (ÚLTIMOS 12 MESES),RECEITAS CORRENTES (I),6,B,10742848394.64,rcl
Governo do Estado do Acre,AC,2015,TOTAL (ÚLTIMOS 12 MESES),RECEITAS CORRENTES (I),6,B,5089009849.46,rcl
Governo do Estado do Acre,AC,2016,TOTAL (ÚLTIMOS 12 MESES),RECEITAS CORRENTES (I),6,B,5694323007.32,rcl
Governo do Estado do Acre,AC,2017,TOTAL (ÚLTIMOS 12 MESES),RECEITAS CORRENTES (I),6,B,5782882940.28,rcl
Governo do Estado do Acre,AC,2018,TOTAL (ÚLTIMOS 12 MESES),RECEITAS CORRENTES (I),6,B,6366819727.69,rcl
Governo do Estado do Acre,AC,2019,TOTAL (ÚLTIMOS 12 MESES),RECEITAS CORRENTES (I),6,B,6950993087.65,rcl
Governo do Estado do Amapá,AP,2015,TOTAL (ÚLTIMOS 12 MESES),RECEITAS CORRENTES (I),6,B,4756658022.41,rcl
Governo do Estado do Amapá,AP,2016,TOTAL (ÚLTIMOS 12 MESES),RECEITAS CORRENTES (I),6,B,5795305853.81,rcl
Governo do Estado do Amapá,AP,2017,TOTAL (ÚLTIMOS 12 MESES),RECEITAS CORRENTES (I),6,B,5300262010.37,rcl
Governo do Estado do Amapá,AP,2018,TOTAL (ÚLTIMOS 12 MESES),RECEITAS CORRENTES (I),6,B,5909761748.86,rcl
Governo do Estado do Amapá,AP,2019,TOTAL (ÚLTIMOS 12 MESES),RECEITAS CORRENTES (I),6,B,6796263852.28,rcl
Governo do Estado do Amazonas,AM,2015,TOTAL (ÚLTIMOS 12 MESES),RECEITAS CORRENTES (I),6,B,14952470634.89,rcl
Governo do Estado do Amazonas,AM,2016,TOTAL (ÚLTIMOS 12 MESES),RECEITAS CORRENTES (I),6,B,15310811293.65,rcl
Governo do Estado do Amazonas,AM,2017,TOTAL (ÚLTIMOS 12 MESES),RECEITAS CORRENTES (I),6,B,16378672946.81,rcl
Governo do Estado do Amazonas,AM,2018,TOTAL (ÚLTIMOS 12 MESES),RECEITAS CORRENTES (I),6,B,18139195025.31,rcl
Governo do Estado do Amazonas,AM,2019,TOTAL (ÚLTIMOS 12 MESES),RECEITAS CORRENTES (I),6,B,20407159555.48,rcl
Governo do Estado do Ceará,CE,2015,TOTAL (ÚLTIMOS 12 MESES),RECEITAS CORRENTES (I),6,B,21063552091.31,rcl
Governo do Estado do Ceará,CE,2016,TOTAL (ÚLTIMOS 12 MESES),RECEITAS CORRENTES (I),6,B,24286232750.8,rcl
Governo do Estado do Ceará,CE,2017,TOTAL (ÚLTIMOS 12 MESES),RECEITAS CORRENTES (I),6,B,24530095728.57,rcl
Governo do Estado do Ceará,CE,2018,TOTAL (ÚLTIMOS 12 MESES),RECEITAS CORRENTES (I),6,B,26469100131.59,rcl
Governo do Estado do Ceará,CE,2019,TOTAL (ÚLTIMOS 12 MESES),RECEITAS CORRENTES (I),6,B,29009350028.93,rcl
Governo do Estado do Espírito Santo,ES,2015,TOTAL (ÚLTIMOS 12 MESES),RECEITAS CORRENTES (I),6,B,16872712279.66,rcl
Governo do Estado do Espírito Santo,ES,2016,TOTAL (ÚLTIMOS 12 MESES),RECEITAS CORRENTES (I),6,B,16573239698.16,rcl
Governo do Estado do Espírito Santo,ES,2017,TOTAL (ÚLTIMOS 12 MESES),RECEITAS CORRENTES (I),6,B,17042194413.57,rcl
Governo do Estado do Espírito Santo,ES,2018,TOTAL (ÚLTIMOS 12 MESES),RECEITAS CORRENTES (I),6,B,18884898295.99,rcl
Governo do Estado do Espírito Santo,ES,2019,TOTAL (ÚLTIMOS 12 MESES),RECEITAS CORRENTES (I),6,B,20765944994.62,rcl
Governo do Estado do Maranhão,MA,2015,TOTAL (ÚLTIMOS 12 MESES),RECEITAS CORRENTES (I),6,B,14495596991.28,rcl
Governo do Estado do Maranhão,MA,2016,TOTAL (ÚLTIMOS 12 MESES),RECEITAS CORRENTES (I),6,B,16865093867.43,rcl
Governo do Estado do Maranhão,MA,2017,TOTAL (ÚLTIMOS 12 MESES),RECEITAS CORRENTES (I),6,B,16952097974.01,rcl
Governo do Estado do Maranhão,MA,2018,TOTAL (ÚLTIMOS 12 MESES),RECEITAS CORRENTES (I),6,B,18129258999.63,rcl
Governo do Estado do Maranhão,MA,2019,TOTAL (ÚLTIMOS 12 MESES),RECEITAS CORRENTES (I),6,B,19734599911.87,rcl
Governo do Estado do Mato Grosso,MT,2015,TOTAL (ÚLTIMOS 12 MESES),RECEITAS CORRENTES (I),6,B,16378112061.71,rcl
Governo do Estado do Mato Grosso,MT,2016,TOTAL (ÚLTIMOS 12 MESES),RECEITAS CORRENTES (I),6,B,17436970517.64,rcl
Governo do Estado do Mato Grosso,MT,2017,TOTAL (ÚLTIMOS 12 MESES),RECEITAS CORRENTES (I),6,B,18649592919.07,rcl
Governo do Estado do Mato Grosso,MT,2018,TOTAL (ÚLTIMOS 12 MESES),RECEITAS CORRENTES (I),6,B,21368640246.2,rcl
Governo do Estado do Mato Grosso,MT,2019,TOTAL (ÚLTIMOS 12 MESES),RECEITAS CORRENTES (I),6,B,23778065241.05,rcl
Governo do Estado do Mato Grosso do Sul,MS,2015,TOTAL (ÚLTIMOS 12 MESES),RECEITAS CORRENTES (I),6,B,12010925695.86,rcl
Governo do Estado do Mato Grosso do Sul,MS,2016,TOTAL (ÚLTIMOS 12 MESES),RECEITAS CORRENTES (I),6,B,13484896738.14,rcl
Governo do Estado do Mato Grosso do Sul,MS,2017,TOTAL (ÚLTIMOS 12 MESES),RECEITAS CORRENTES (I),6,B,14135767196.05,rcl
Governo do Estado do Mato Grosso do Sul,MS,2018,TOTAL (ÚLTIMOS 12 MESES),RECEITAS CORRENTES (I),6,B,15664511106.67,rcl
Governo do Estado do Mato Grosso do Sul,MS,2019,TOTAL (ÚLTIMOS 12 MESES),RECEITAS CORRENTES (I),6,B,17171508547.23,rcl
Governo do Estado do Pará,PA,2015,TOTAL (ÚLTIMOS 12 MESES),RECEITAS CORRENTES (I),6,B,22670904743.47,rcl
Governo do Estado do Pará,PA,2016,TOTAL (ÚLTIMOS 12 MESES),RECEITAS CORRENTES (I),6,B,24116696260.51,rcl
Governo do Estado do Pará,PA,2017,TOTAL (ÚLTIMOS 12 MESES),RECEITAS CORRENTES (I),6,B,24273613991.43,rcl
Governo do Estado do Pará,PA,2018,TOTAL (ÚLTIMOS 12 MESES),RECEITAS CORRENTES (I),6,B,25523331508.93,rcl
Governo do Estado do Pará,PA,2019,TOTAL (ÚLTIMOS 12 MESES),RECEITAS CORRENTES (I),6,B,29069645638.59,rcl
Governo do Estado do Paraná,PR,2015,TOTAL (ÚLTIMOS 12 MESES),RECEITAS CORRENTES (I),6,B,45934910063.93,rcl
Governo do Estado do Paraná,PR,2016,TOTAL (ÚLTIMOS 12 MESES),RECEITAS CORRENTES (I),6,B,49050190650.61,rcl
Governo do Estado do Paraná,PR,2017,TOTAL (ÚLTIMOS 12 MESES),RECEITAS CORRENTES (I),6,B,52970849180.51,rcl
Governo do Estado do Paraná,PR,2018,TOTAL (ÚLTIMOS 12 MESES),RECEITAS CORRENTES (I),6,B,54158389431.73,rcl
Governo do Estado do Paraná,PR,2019,TOTAL (ÚLTIMOS 12 MESES),RECEITAS CORRENTES (I),6,B,56174146117.64,rcl
Governo do Estado do Piauí,PI,2015,TOTAL (ÚLTIMOS 12 MESES),RECEITAS CORRENTES (I),6,B,8961913343,rcl
Governo do Estado do Piauí,PI,2016,TOTAL (ÚLTIMOS 12 MESES),RECEITAS CORRENTES (I),6,B,10149030259.54,rcl
Governo do Estado do Piauí,PI,2017,TOTAL (ÚLTIMOS 12 MESES),RECEITAS CORRENTES (I),6,B,10722350582.11,rcl
Governo do Estado do Piauí,PI,2018,TOTAL (ÚLTIMOS 12 MESES),RECEITAS CORRENTES (I),6,B,11708160222.61,rcl
Governo do Estado do Piauí,PI,2019,TOTAL (ÚLTIMOS 12 MESES),RECEITAS CORRENTES (I),6,B,12704620411.8,rcl
Governo do Estado do Rio de Janeiro,RJ,2015,TOTAL (ÚLTIMOS 12 MESES),RECEITAS CORRENTES (I),6,B,68831319801,rcl
Governo do Estado do Rio de Janeiro,RJ,2016,TOTAL (ÚLTIMOS 12 MESES),RECEITAS CORRENTES (I),6,B,63879364593.73,rcl
Governo do Estado do Rio de Janeiro,RJ,2017,TOTAL (ÚLTIMOS 12 MESES),RECEITAS CORRENTES (I),6,B,68422160091,rcl
Governo do Estado do Rio de Janeiro,RJ,2018,TOTAL (ÚLTIMOS 12 MESES),RECEITAS CORRENTES (I),6,B,78749251324,rcl
Governo do Estado do Rio de Janeiro,RJ,2019,TOTAL (ÚLTIMOS 12 MESES),RECEITAS CORRENTES (I),6,B,79904016597,rcl
Governo do Estado do Rio Grande do Norte,RN,2015,TOTAL (ÚLTIMOS 12 MESES),RECEITAS CORRENTES (I),6,B,10957933270.1,rcl
Governo do Estado do Rio Grande do Norte,RN,2016,TOTAL (ÚLTIMOS 12 MESES),RECEITAS CORRENTES (I),6,B,11802139088.81,rcl
Governo do Estado do Rio Grande do Norte,RN,2017,TOTAL (ÚLTIMOS 12 MESES),RECEITAS CORRENTES (I),6,B,12428662739.29,rcl
Governo do Estado do Rio Grande do Norte,RN,2018,TOTAL (ÚLTIMOS 12 MESES),RECEITAS CORRENTES (I),6,B,13026371671.76,rcl
Governo do Estado do Rio Grande do Norte,RN,2019,TOTAL (ÚLTIMOS 12 MESES),RECEITAS CORRENTES (I),6,B,14011743559.33,rcl
Governo do Estado do Rio Grande do Sul,RS,2015,TOTAL (ÚLTIMOS 12 MESES),RECEITAS CORRENTES (I),6,B,43620344822.95,rcl
Governo do Estado do Rio Grande do Sul,RS,2016,TOTAL (ÚLTIMOS 12 MESES),RECEITAS CORRENTES (I),6,B,49431963302.06,rcl
Governo do Estado do Rio Grande do Sul,RS,2017,TOTAL (ÚLTIMOS 12 MESES),RECEITAS CORRENTES (I),6,B,50209828690.01,rcl
Governo do Estado do Rio Grande do Sul,RS,2018,TOTAL (ÚLTIMOS 12 MESES),RECEITAS CORRENTES (I),6,B,54627139340.31,rcl
Governo do Estado do Rio Grande do Sul,RS,2019,TOTAL (ÚLTIMOS 12 MESES),RECEITAS CORRENTES (I),6,B,56812289620.6,rcl
Governo do Estado do Tocantins,TO,2015,TOTAL (ÚLTIMOS 12 MESES),RECEITAS CORRENTES (I),6,B,8185904024.6,rcl
Governo do Estado do Tocantins,TO,2016,TOTAL (ÚLTIMOS 12 MESES),RECEITAS CORRENTES (I),6,B,9488480445.42,rcl
Governo do Estado do Tocantins,TO,2017,TOTAL (ÚLTIMOS 12 MESES),RECEITAS CORRENTES (I),6,B,9427400675.16,rcl
Governo do Estado do Tocantins,TO,2018,TOTAL (ÚLTIMOS 12 MESES),RECEITAS CORRENTES (I),6,B,9474345240.4,rcl
Governo do Estado do Tocantins,TO,2019,TOTAL (ÚLTIMOS 12 MESES),RECEITAS CORRENTES (I),6,B,10697990942.96,rcl
